Route 22|G
13 [2,2]   24%
16 [2,4]   16%
22 [2,3]   18%
26 [2,4]   10%
29 [3,3]   17%
269[2,2]   15%
==============================
Bananaville Meadow|G
13 [2,2]   4%
16 [2,4]   5%
10 [2,3]   7%
38 [2,4]   7%
269[3,3]   4%
19 [2,2]   5%
75 [2,4]   5%
82 [2,3]   5%
89 [2,4]   1%
92 [3,3]   8%
108[2,2]   4%
151[2,4]   5%
163[2,3]   3%
174[2,4]   3%
177[3,3]   5%
57 [3,3]   3%
238[2,2]   6%
243[2,4]   8%
254[2,3]   7%
292[2,4]   5%
==============================
Route 23|G
10 [2,3]   24%
13 [3,4]   14%
16 [4,4]   24%
32 [2,3]   14%
38 [3,5]   6%
41 [2,3]   9%
269[2,3]   9%
==============================
Route 42|G
171[2,2]   13%
217[2,3]   12%
223[2,2]   12%
166[2,3]   13%
179[2,3]   10%
129[2,2]   11%
143[2,2]   7%
169[2,3]   8%
226[2,2]   5%
151[2,2]   4%
281[2,2]   5%
==============================
Route 42|F
132[11,12] 25%
137[10,11] 15%
141[12,14] 10%
146[11,12] 10%
215[10,12] 40%
==============================
Route 42|S
68 [28,31] 20%
71 [27,30] 25%
132[28,31] 25%
215[28,31] 30%
==============================
Route 24 (pt. 1)|G
19 [6,6]   12%
29 [4,6]   5%
44 [4,6]   12%
35 [4,6]   10%
38 [5,7]   5%
48 [5,7]   23%
73 [5,6]   7%
85 [4,6]   9%
114[5,7]   6%
295[4,6]   11%
==============================
Route 40|G
10 [5,6]   9%
94 [4,6]   15%
73 [5,6]   6%
52 [5,6]   5%
104[5,6]   14%
101[5,6]   10%
166[6,6]   6%
174[4,6]   12%
254[5,6]   12%
108[5,6]   7%
278[4,6]   4%
==============================
Route 43|G
44 [2,3]   9%
59 [2,3]   16%
71 [2,4]   14%
85 [2,3]   9%
106[2,3]   11%
117[2,3]   11%
292[2,2]   14%
276[2,3]   9%
64 [2,3]   7%
==============================
Route 24 (pt. 2)|G
10 [12,13] 20%
55 [14,14] 3%
75 [12,14] 10%
90 [13,14] 9%
174[12,13] 5%
62 [12,12] 5%
151[13,14] 13%
22 [13,14] 10%
261[13,14] 15%
276[12,14] 5%
295[12,14] 5%
==============================
Gelb Forest (1A)|G
22 [12,14] 12%
26 [13,17] 11%
29 [12,16] 7%
30 [15,16] 2%
32 [12,16] 10%
35 [14,17] 5%
44 [13,15] 11%
47 [15,17] 3%
38 [14,18] 8%
41 [12,14] 4%
42 [15,16] 1%
82 [14,17] 1%
129[12,15] 5%
160[14,17] 5%
153[16,17] 9%
278[13,16] 3%
295[13,16] 3%
==============================
Gelb Forest (1A)|F
90 [15,18] 15%
132[15,17] 20%
137[15,16] 35%
146[16,17] 30%
==============================
Gelb Forest (1A)|S
44 [13,15] 70%
71 [16,17] 20%
132[15,16] 10%
==============================
Gelb Forest (2A)|G
26 [14,18] 13%
32 [13,16] 7%
35 [14,17] 5%
38 [15,18] 8%
41 [13,14] 8%
42 [15,17] 3%
82 [15,17] 7%
160[15,18] 13%
153[16,18] 7%
257[17,17] 6%
261[14,16] 10%
241[15,18] 9%
278[14,17] 4%
==============================
Route 25|G
16 [12,14] 13%
19 [13,16] 14%
38 [12,15] 13%
151[15,15] 15%
80 [12,15] 9%
163[13,16] 9%
166[13,15] 5%
257[15,15] 10%
293[12,15] 12%
==============================
Route 25|F
90 [15,18] 15%
132[15,17] 20%
137[15,16] 35%
146[16,17] 30%
==============================
Route 25|S
44 [13,15] 70%
71 [16,17] 20%
132[15,16] 10%
==============================
Sicab City|F
137[15,18] 25%
90 [15,17] 15%
146[15,16] 15%
148[15,17] 15%
139[15,17] 10%
241[15,18] 10%
261[15,17] 10%
==============================
Sicab City|S
139[20,20] 50%
134[20,20] 25%
78 [20,20] 20%
141[20,20] 5%
==============================
Energy Plant (pt. 1)|G
111[12,14] 35%
123[12,12] 15%
181[15,15] 20%
199[15,15] 15%
202[14,15] 15%
==============================
Energy Plant (pt. 2)|G
111[12,14] 25%
123[12,12] 10%
163[15,15] 20%
205[15,15] 20%
267[13,14] 15%
197[13,14] 10%
==============================
Energy Plant (pt. 2)|F
137[15,15] 40%
209[15,15] 20%
148[13,17] 40%
==============================
Energy Plant (pt. 2)|S
137[25,25] 20%
138[25,25] 20%
209[25,25] 30%
210[25,25] 30%
==============================
Route 26|G
26 [16,19] 15%
19 [17,19] 10%
47 [17,17] 11%
48 [15,19] 8%
80 [16,18] 10%
85 [16,17] 9%
89 [16,18] 5%
106[17,18] 5%
238[16,18] 10%
249[17,19] 12%
254[16,18] 5%
==============================
Route 45|G
55 [17,20] 10%
57 [17,20] 14%
95 [17,20] 8%
98 [18,19] 12%
104[17,18] 8%
171[16,18] 12%
181[18,18] 7%
193[18,20] 6%
243[14,15] 11%
265[17,20] 12%
==============================
Mt. Splinkty (1A)|G
48 [19,21] 25%
52 [20,21] 15%
153[20,21] 15%
156[20,21] 10%
238[19,21] 5%
241[20,21] 5%
276[19,21] 10%
249[21,21] 10%
254[20,21] 5%
==============================
Mt. Splinkty (1A)|F
90 [19,21] 15%
137[17,19] 10%
148[20,22] 10%
143[20,22] 25%
150[22,22] 40%
==============================
Mt. Splinkty (1A)|S
139[25,25] 60%
132[25,25] 25%
143[22,25] 15%
==============================
Mt. Splinkty (2A)|G
48 [21,22] 10%
52 [22,23] 5%
95 [22,23] 15%
66 [23,23] 15%
169[21,22] 15%
64 [22,23] 10%
276[21,22] 15%
249[23,23] 15%
==============================
Mt. Splinkty (2A)|F
90 [20,22] 10%
137[18,19] 15%
148[21,23] 15%
143[22,24] 30%
150[23,23] 30%
==============================
Mt. Splinkty (2A)|S
139[25,25] 40%
132[25,25] 15%
143[22,25] 25%
150[23,23] 20%
==============================
Mt. Splinkty (2B)|G
48 [21,22] 20%
52 [22,23] 20%
156[21,22] 5%
153[20,22] 10%
95 [21,22] 10%
66 [22,22] 10%
241[21,22] 5%
276[20,22] 10%
249[22,22] 10%
==============================
Mt. Splinkty (3B)|G
73 [20,21] 15%
156[20,21] 20%
153[20,21] 30%
169[21,21] 20%
241[21,21] 15%
==============================
Mt. Splinkty (3A)|G
160[20,21] 25%
276[20,21] 40%
249[21,21] 25%
263[20,20] 10%
==============================
Mt. Splinkty (H)|G
53 [35,40] 7%
277[36,42] 13%
157[35,41] 5%
20 [35,39] 7%
76 [35,39] 8%
61 [38,40] 12%
107[36,42] 13%
185[35,40] 20%
263[33,36] 15%
==============================
Route 27|G
36 [22,24] 8%
33 [22,24] 8%
45 [23,25] 9%
92 [24,24] 12%
175[22,23] 12%
172[21,23] 5%
179[23,24] 5%
177[23,24] 5%
75 [21,23] 12%
273[22,24] 12%
278[22,24] 12%
==============================
Cell Park|G
23 [23,25] 8%
36 [24,26] 6%
118[22,25] 4%
120[21,24] 9%
244[24,25] 5%
254[23,25] 7%
238[23,25] 5%
166[22,25] 4%
257[24,24] 5%
190[21,24] 5%
89 [25,25] 8%
195[24,26] 6%
184[21,23] 5%
139[22,25] 5%
263[23,23] 3%
265[22,25] 7%
267[22,25] 8%
==============================
Route 41|G
71 [22,24] 10%
108[24,26] 15%
14 [22,25] 9%
152[24,27] 10%
61 [23,27] 7%
64 [24,27] 11%
80 [23,26] 10%
257[23,26] 12%
294[23,26] 10%
295[22,25] 6%
==============================
Route 41|F
68 [21,23] 25%
134[20,22] 25%
137[18,22] 45%
141[23,24] 5%
==============================
Route 41|S
139[30,30] 50%
135[30,30] 25%
78 [25,25] 20%
141[30,30] 5%
==============================
Route 36|G
22 [13,14] 10%
41 [14,14] 15%
57 [16,16] 15%
82 [15,16] 10%
94 [14,15] 5%
129[13,14] 5%
101[15,17] 10%
108[16,16] 5%
273[14,15] 5%
238[14,16] 10%
278[15,16] 10%
==============================
Route 36|F
90 [16,18] 15%
134[15,17] 25%
137[16,18] 35%
139[16,16] 25%
==============================
Route 36|S
139[20,20] 50%
134[20,20] 25%
78 [20,20] 20%
141[20,20] 5%
==============================
Route 28|G
26 [23,24] 10%
14 [23,24] 10%
36 [24,24] 15%
114[22,24] 15%
117[17,18] 25%
123[20,22] 5%
129[18,19] 5%
267[22,24] 10%
261[22,24] 5%
==============================
Electric Tunnel (1A)|G
153[23,24] 7%
114[23,24] 4%
123[21,23] 4%
197[22,24] 17%
199[21,23] 16%
202[23,24] 15%
205[20,21] 20%
267[23,24] 15%
263[23,23] 2%
==============================
Route 29|G
11 [25,27] 11%
30 [23,26] 9%
47 [26,26] 17%
75 [24,27] 9%
86 [24,27] 7%
114[24,26] 4%
117[17,18] 20%
62 [21,23] 6%
59 [24,25] 4%
254[24,26] 9%
294[24,26] 4%
==============================
Icy Fields|G
59 [24,26] 19%
61 [25,27] 12%
62 [22,25] 18%
64 [25,27] 18%
71 [25,27] 9%
158[25,27] 8%
247[25,27] 16%
==============================
Icy Path|G
49 [26,30] 11%
51 [28,32] 2%
59 [22,24] 9%
60 [27,32] 2%
62 [19,21] 6%
63 [27,32] 1%
247[27,30] 14%
254[25,28] 5%
64 [26,30] 14%
61 [27,29] 9%
158[26,29] 5%
261[24,26] 4%
52 [25,29] 8%
102[26,30] 5%
169[25,28] 5%
==============================
Route 30|G
11 [29,30] 15%
126[27,29] 15%
47 [29,29] 20%
82 [28,30] 15%
89 [30,30] 25%
247[29,30] 10%
==============================
Route 30|F
90 [24,24] 10%
137[19,22] 25%
134[18,20] 30%
132[23,24] 10%
146[23,24] 15%
71 [24,25] 10%
==============================
Route 30|S
139[25,25] 20%
68 [25,25] 35%
134[25,25] 20%
78 [25,25] 10%
141[25,25] 5%
71 [25,25] 10%
==============================
Peaceful Park|G
23 [29,31] 6%
27 [31,33] 5%
30 [30,31] 5%
33 [30,31] 5%
62 [25,27] 11%
120[24,28] 10%
123[24,28] 10%
126[24,28] 10%
130[30,32] 2%
89 [30,32] 15%
92 [29,31] 10%
118[29,31] 3%
273[29,31] 4%
278[28,30] 4%
==============================
Peaceful Park|F
137[15,18] 25%
90 [15,17] 15%
146[15,16] 15%
148[15,17] 15%
139[15,17] 10%
241[15,18] 10%
261[15,17] 10%
==============================
Peaceful Park|S
139[20,20] 50%
134[20,20] 25%
78 [20,20] 20%
141[20,20] 5%
==============================
Mindagan Lake|S
68 [20,25] 8%
71 [20,25] 15%
78 [20,25] 18%
134[20,25] 13%
135[20,25] 5%
139[20,25] 21%
143[20,25] 20%
==============================
Mindagan Lake|F
90 [20,25] 8%
132[20,25] 8%
137[20,25] 15%
141[20,25] 15%
143[20,25] 10%
146[20,25] 7%
148[20,25] 12%
150[20,25] 25%
==============================
Mindagan Cavern (1A)|G
175[26,30] 7%
177[26,30] 8%
184[24,28] 25%
187[25,30] 25%
190[24,28] 10%
195[26,30] 15%
263[25,28] 10%
==============================
Sicab River|G
23 [29,31] 4%
27 [31,33] 4%
62 [25,27] 6%
89 [30,32] 8%
92 [29,31] 5%
57 [29,31] 6%
98 [29,31] 6%
244[30,32] 5%
265[28,30] 5%
102[29,31] 4%
108[30,30] 3%
273[30,32] 4%
238[28,31] 3%
80 [28,31] 6%
107[29,32] 8%
249[30,31] 9%
294[30,32] 10%
246[31,31] 4%
==============================
Sicab River|F
137[15,18] 25%
90 [15,17] 15%
146[15,16] 15%
148[15,17] 15%
139[15,17] 10%
241[15,18] 10%
261[15,17] 10%
==============================
Sicab River|S
139[20,20] 50%
134[20,20] 25%
78 [20,20] 20%
141[20,20] 5%
==============================
Route 31|G
33 [29,32] 10%
42 [31,33] 14%
73 [28,29] 17%
158[28,29] 16%
55 [30,32] 12%
66 [30,32] 10%
244[29,32] 5%
296[29,32] 10%
263[23,23] 6%
==============================
Route 31|F
90 [26,29] 20%
132[26,29] 10%
146[26,29] 20%
141[28,30] 25%
215[26,28] 25%
==============================
Route 31|S
135[26,28] 20%
132[28,29] 15%
143[26,29] 20%
141[28,30] 20%
215[26,28] 25%
==============================
Shadow Ravine (1B)|G
172[29,33] 10%
218[28,29] 17%
220[30,32] 12%
224[31,34] 17%
226[29,31] 25%
281[30,32] 19%
==============================
Shadow Ravine (0A)|G
169[30,32] 14%
158[28,29] 10%
218[29,33] 19%
220[30,32] 18%
224[31,33] 19%
226[29,31] 15%
263[23,23] 5%
==============================
Route 32|G
11 [30,32] 10%
14 [29,31] 10%
74 [30,32] 10%
82 [30,31] 15%
57 [31,32] 10%
105[30,32] 10%
241[30,32] 15%
278[30,32] 10%
281[30,32] 10%
==============================
Route 32|F
90 [29,29] 10%
91 [30,32] 10%
132[29,32] 10%
146[29,32] 20%
141[32,34] 25%
215[30,32] 25%
==============================
Route 32|S
135[29,32] 20%
132[29,32] 10%
146[29,32] 20%
141[32,34] 25%
215[30,32] 25%
==============================
Electric Tunnel (0A)|G
124[32,35] 10%
198[32,35] 20%
200[32,35] 20%
202[30,34] 15%
203[35,36] 5%
206[32,35] 15%
267[32,35] 15%
==============================
Electric Tunnel (0A)|F
209[15,15] 80%
210[35,35] 20%
==============================
Electric Tunnel (0A)|S
209[15,15] 80%
210[35,35] 20%
==============================
Electric Tunnel (-1A)|G
53 [35,38] 15%
198[35,38] 16%
200[35,38] 19%
203[35,38] 15%
206[32,35] 15%
267[33,37] 20%
==============================
Electric Tunnel (-2A)|G
170[39,43] 18%
172[38,42] 18%
198[39,43] 11%
200[39,43] 10%
203[39,43] 18%
206[39,43] 13%
267[38,41] 12%
==============================
Electric Tunnel (-3A)|G
198[42,46] 20%
200[42,46] 20%
203[42,46] 20%
206[42,46] 20%
268[42,46] 20%
==============================
Electric Tunnel (-3A)|F
209[15,15] 80%
210[35,35] 20%
==============================
Electric Tunnel (-3A)|S
209[15,15] 80%
210[35,35] 20%
==============================
Electric Tunnel (H)|G
198[35,38] 21%
200[35,38] 19%
203[35,38] 20%
206[32,35] 20%
267[33,37] 20%
==============================
Shadow Ravine (H)|G
218[32,35] 21%
220[33,36] 20%
224[32,35] 19%
227[32,36] 20%
281[32,35] 20%
==============================
Shadow Ravine (-1A)|G
170[33,36] 15%
74 [33,36] 15%
218[32,35] 20%
220[33,36] 10%
224[32,35] 10%
227[32,36] 15%
281[32,35] 15%
==============================
Shadow Ravine (-1A)|F
215[25,40] 80%
216[40,55] 20%
==============================
Shadow Ravine (-1A)|S
215[25,40] 80%
216[40,55] 20%
==============================
Shadow Ravine (-2A)|G
170[35,37] 20%
218[34,36] 25%
220[34,37] 25%
225[36,36] 5%
227[34,37] 15%
281[34,37] 10%
==============================
Shadow Ravine (-2A)|L
223[30,30] 20%
224[40,40] 70%
225[50,50] 10%
==============================
Shadow Ravine (-3A)|G
219[50,55] 20%
220[46,49] 15%
221[49,53] 10%
222[55,55] 5%
225[49,55] 20%
227[50,54] 15%
282[46,49] 15%
==============================
Shadow Ravine (-3A)|L
225[55,55] 100%
==============================
Shadow Path|G
198[40,45] 10%
200[40,45] 9%
203[40,45] 9%
206[40,45] 3%
207[40,45] 4%
208[40,45] 4%
267[40,45] 4%
268[40,45] 4%
218[40,44] 9%
219[45,45] 2%
220[40,45] 8%
221[40,45] 4%
222[40,45] 2%
225[40,45] 10%
227[40,45] 9%
281[40,45] 7%
212[45,45] 1%
214[45,45] 1%
==============================
Route 33|G
20 [34,38] 15%
80 [34,38] 11%
93 [35,39] 13%
105[35,39] 13%
107[35,39] 15%
164[34,39] 19%
296[34,39] 14%
==============================
Route 33|F
137[15,25] 25%
138[30,35] 10%
141[30,35] 35%
148[20,30] 30%
==============================
Route 33|S
79 [35,38] 30%
133[34,38] 40%
134[37,39] 15%
136[37,39] 15%
==============================
Ghostly Woods|G
24 [36,39] 5%
27 [36,39] 7%
159[37,40] 10%
160[35,38] 12%
161[37,40] 2%
74 [36,39] 5%
76 [36,39] 2%
152[36,39] 11%
154[35,38] 9%
157[36,39] 6%
180[37,38] 7%
220[35,39] 9%
221[37,40] 2%
216[40,40] 5%
227[36,39] 6%
282[37,38] 2%
==============================
Route 34 (0A)|G
53 [40,42] 15%
64 [37,41] 11%
65 [41,44] 2%
56 [40,43] 11%
66 [41,44] 10%
167[40,43] 14%
182[40,43] 14%
195[40,42] 17%
242[40,43] 6%
==============================
Route 34 (0A)|L
98 [40,40] 100%
==============================
Route 35|G
86 [40,42] 13%
87 [42,44] 5%
89 [41,44] 14%
12 [40,43] 12%
38 [41,44] 13%
108[40,43] 21%
121[40,43] 9%
127[40,42] 9%
294[40,42] 4%
==============================
Mindagan Cavern (0A)|G
176[36,40] 5%
178[36,40] 7%
185[34,38] 24%
188[35,40] 24%
190[34,38] 10%
195[36,40] 15%
263[35,38] 15%
==============================
Gelb Cavern|G
185[37,41] 10%
188[37,41] 12%
190[35,35] 11%
195[37,41] 16%
263[37,41] 15%
53 [37,41] 11%
66 [36,40] 11%
167[37,41] 14%
==============================
Gelb Cavern|F
133[36,40] 15%
242[36,40] 13%
148[32,35] 25%
149[36,42] 12%
215[32,36] 23%
216[36,42] 12%
==============================
Gelb Cavern|S
133[36,40] 22%
46 [36,40] 12%
141[37,39] 18%
140[36,40] 14%
150[35,35] 16%
144[37,39] 18%
==============================
Gelb Cavern|L
98 [45,45] 50%
103[45,45] 50%
==============================
Route 37|G
43 [47,50] 11%
170[47,50] 8%
112[45,47] 12%
182[46,49] 14%
83 [45,47] 14%
89 [45,47] 9%
58 [47,50] 13%
115[45,47] 8%
246[46,49] 5%
239[45,48] 6%
==============================
Route 37|S
45 [44,47] 13%
46 [47,50] 10%
72 [48,50] 15%
132[44,46] 7%
133[47,50] 5%
134[42,46] 6%
135[44,48] 7%
136[46,50] 9%
141[46,49] 8%
142[48,50] 3%
69 [42,45] 10%
70 [46,49] 7%
==============================
Route 37|F
91 [42,46] 17%
132[42,44] 10%
133[45,47] 8%
138[46,49] 35%
147[46,49] 20%
141[46,49] 10%
==============================
Route 38|G
17 [48,52] 9%
97 [50,50] 1%
99 [47,51] 12%
103[48,52] 15%
108[43,47] 12%
165[48,52] 4%
105[48,51] 5%
93 [47,51] 15%
107[48,51] 3%
112[46,50] 5%
116[51,52] 3%
250[50,52] 5%
257[48,51] 8%
258[51,53] 3%
==============================
Mt. St. Joseph (1A)|G
51 [49,53] 8%
54 [49,53] 7%
56 [47,51] 6%
67 [50,53] 5%
99 [47,51] 11%
103[48,52] 12%
109[52,53] 12%
105[48,52] 7%
96 [49,53] 10%
256[50,53] 13%
242[49,52] 5%
93 [48,51] 4%
==============================
Mt. St. Joseph (2A)|G
50 [51,55] 8%
54 [51,55] 5%
56 [49,53] 4%
67 [51,55] 3%
99 [49,53] 12%
103[50,54] 14%
110[53,55] 12%
105[50,54] 5%
96 [51,55] 11%
256[52,55] 12%
250[52,55] 8%
280[51,54] 6%
==============================
Mt. St. Joseph (2B)|G
50 [51,55] 8%
54 [51,55] 6%
56 [49,53] 8%
67 [51,55] 5%
99 [49,53] 10%
103[50,54] 12%
110[53,55] 12%
105[50,54] 6%
96 [51,55] 10%
256[52,55] 9%
155[52,55] 10%
280[51,54] 4%
==============================
Mt. St. Joseph (3A)|G
50 [53,57] 5%
51 [53,57] 5%
54 [53,57] 6%
56 [51,55] 5%
99 [51,55] 14%
103[53,57] 12%
109[55,57] 6%
110[55,57] 6%
105[52,56] 5%
96 [53,57] 13%
256[52,57] 11%
262[54,57] 12%
==============================
Mt. St. Joseph (3B)|G
50 [53,57] 5%
51 [53,57] 5%
54 [53,57] 6%
56 [51,55] 5%
99 [51,55] 18%
103[53,57] 10%
109[55,57] 6%
110[55,57] 6%
105[52,56] 5%
96 [53,57] 9%
256[52,57] 15%
280[53,57] 10%
==============================
Mt. St. Joseph (4A)|G
100[65,70] 15%
109[70,70] 20%
110[70,70] 20%
105[63,68] 5%
96 [65,70] 10%
256[65,70] 10%
280[65,70] 10%
159[65,70] 10%
==============================
Mt. St. Joseph (1A)|L
100[70,75] 50%
103[68,73] 50%
==============================
Mt. St. Joseph (2A)|L
94[100,100]100%
==============================
Mt. St. Joseph (2B)|L
94[100,100]100%
==============================
Mt. St. Joseph (3A)|L
94[100,100]100%
==============================
Mt. St. Joseph (3B)|L
94[100,100]100%
==============================
Mt. St. Joseph (4A)|L
94[100,100]100%
==============================
Mt. St. Joseph (4B)|L
94[100,100]100%
==============================
Route 44|G
15 [53,58] 5%
25 [54,58] 5%
27 [53,57] 4%
28 [56,58] 2%
31 [53,58] 7%
38 [42,48] 2%
40 [54,59] 8%
84 [55,60] 10%
257[48,51] 7%
258[54,60] 2%
280[53,58] 5%
131[48,50] 5%
262[54,58] 4%
242[52,57] 5%
159[54,58] 8%
56 [52,56] 3%
250[54,59] 6%
246[52,55] 4%
176[52,57] 2%
173[53,58] 6%
==============================
Mt. Splinkty (Outside)|G
27 [33,35] 6%
20 [30,32] 11%
47 [29,32] 8%
42 [31,34] 5%
76 [32,33] 7%
108[28,31] 5%
152[30,32] 4%
177[29,32] 15%
61 [30,30] 7%
193[29,34] 10%
107[31,34] 14%
184[24,25] 8%
==============================
Mt. Splinkty (4A)|G
53 [50,54] 3%
54 [53,58] 4%
277[54,59] 13%
157[53,59] 5%
21 [53,58] 7%
77 [54,57] 8%
61 [53,56] 12%
107[54,59] 13%
186[55,60] 20%
263[51,55] 15%
==============================
Shadow Cavern|G
198[50,55] 10%
201[50,55] 9%
203[50,54] 9%
206[48,51] 3%
207[50,55] 4%
208[50,55] 4%
268[50,55] 8%
219[50,55] 11%
220[50,55] 8%
221[50,55] 4%
222[50,55] 2%
225[50,55] 10%
227[50,55] 9%
281[46,50] 3%
282[48,52] 2%
283[50,55] 2%
212[55,55] 1%
214[55,55] 1%
==============================
Route 39|G
21 [60,64] 6%
176[58,63] 8%
189[61,62] 5%
192[62,67] 5%
194[61,65] 3%
196[62,66] 7%
262[60,63] 6%
180[61,63] 8%
280[60,63] 10%
296[59,62] 4%
250[61,64] 6%
168[62,65] 9%
159[60,62] 8%
240[61,65] 9%
170[60,64] 6%
==============================
A.T. Path|G
15 [56,61] 6%
17 [54,58] 5%
18 [57,62] 1%
24 [55,59] 4%
27 [55,59] 3%
28 [58,60] 1%
31 [55,60] 8%
34 [54,58] 4%
38 [44,50] 2%
39 [56,61] 8%
43 [57,62] 8%
161[52,55] 5%
162[56,62] 3%
131[50,50] 5%
47 [53,57] 6%
296[54,58] 8%
157[56,60] 9%
273[55,59] 9%
277[57,62] 5%
==============================
Abandoned Tower (1A)|G
53 [57,62] 4%
54 [60,65] 3%
60 [59,64] 5%
61 [58,63] 4%
63 [59,65] 4%
77 [60,64] 6%
79 [60,65] 4%
81 [60,65] 5%
84 [61,66] 1%
87 [60,65] 4%
88 [60,65] 4%
273[58,64] 4%
245[60,65] 6%
91 [59,64] 5%
107[60,65] 5%
145[61,66] 6%
157[60,65] 4%
159[60,65] 4%
161[57,63] 5%
162[60,66] 2%
178[59,64] 6%
180[60,65] 6%
189[64,65] 3%
==============================
Abandoned Tower (1B)|G
53 [57,62] 4%
54 [60,65] 3%
60 [59,64] 5%
61 [58,63] 4%
63 [59,65] 4%
77 [60,64] 6%
79 [60,65] 4%
81 [60,65] 5%
84 [61,66] 1%
87 [60,65] 4%
88 [60,65] 4%
273[58,64] 4%
245[60,65] 6%
91 [59,64] 5%
107[60,65] 5%
145[61,66] 6%
157[60,65] 4%
159[60,65] 4%
161[57,63] 5%
162[60,66] 2%
178[59,64] 6%
180[60,65] 6%
189[64,65] 3%
==============================
Abandoned Tower (2A)|G
53 [57,62] 4%
54 [60,65] 3%
60 [59,64] 5%
61 [58,63] 4%
63 [59,65] 4%
77 [60,64] 6%
79 [60,65] 4%
81 [60,65] 5%
84 [61,66] 1%
87 [60,65] 4%
88 [60,65] 4%
273[58,64] 4%
245[60,65] 6%
91 [59,64] 5%
107[60,65] 5%
145[61,66] 6%
157[60,65] 4%
159[60,65] 4%
161[57,63] 5%
162[60,66] 2%
178[59,64] 6%
180[60,65] 6%
189[64,65] 3%
==============================
Abandoned Tower (2B)|G
53 [57,62] 4%
54 [60,65] 3%
60 [59,64] 5%
61 [58,63] 4%
63 [59,65] 4%
77 [60,64] 6%
79 [60,65] 4%
81 [60,65] 5%
84 [61,66] 1%
87 [60,65] 4%
88 [60,65] 4%
273[58,64] 4%
245[60,65] 6%
91 [59,64] 5%
107[60,65] 5%
145[61,66] 6%
157[60,65] 4%
159[60,65] 4%
161[57,63] 5%
162[60,66] 2%
178[59,64] 6%
180[60,65] 6%
189[64,65] 3%
==============================
Abandoned Tower (3A)|G
53 [57,62] 4%
54 [60,65] 3%
60 [59,64] 5%
61 [58,63] 4%
63 [59,65] 4%
77 [60,64] 6%
79 [60,65] 4%
81 [60,65] 5%
84 [61,66] 1%
87 [60,65] 4%
88 [60,65] 4%
273[58,64] 4%
245[60,65] 6%
91 [59,64] 5%
107[60,65] 5%
145[61,66] 6%
157[60,65] 4%
159[60,65] 4%
161[57,63] 5%
162[60,66] 2%
178[59,64] 6%
180[60,65] 6%
189[64,65] 3%
==============================
Abandoned Tower (3B)|G
53 [57,62] 4%
54 [60,65] 3%
60 [59,64] 5%
61 [58,63] 4%
63 [59,65] 4%
77 [60,64] 6%
79 [60,65] 4%
81 [60,65] 5%
84 [61,66] 1%
87 [60,65] 4%
88 [60,65] 4%
273[58,64] 4%
245[60,65] 6%
91 [59,64] 5%
107[60,65] 5%
145[61,66] 6%
157[60,65] 4%
159[60,65] 4%
161[57,63] 5%
162[60,66] 2%
178[59,64] 6%
180[60,65] 6%
189[64,65] 3%
==============================
Abandoned Tower (4A)|G
53 [57,62] 4%
54 [60,65] 3%
60 [59,64] 5%
61 [58,63] 4%
63 [59,65] 4%
77 [60,64] 6%
79 [60,65] 4%
81 [60,65] 5%
84 [61,66] 1%
87 [60,65] 4%
88 [60,65] 4%
273[58,64] 4%
245[60,65] 6%
91 [59,64] 5%
107[60,65] 5%
145[61,66] 6%
157[60,65] 4%
159[60,65] 4%
161[57,63] 5%
162[60,66] 2%
178[59,64] 6%
180[60,65] 6%
189[64,65] 3%
==============================
Abandoned Tower (5A)|G
53 [57,62] 4%
54 [60,65] 3%
60 [59,64] 5%
61 [58,63] 4%
63 [59,65] 4%
77 [60,64] 6%
79 [60,65] 4%
81 [60,65] 5%
84 [61,66] 1%
87 [60,65] 4%
88 [60,65] 4%
273[58,64] 4%
245[60,65] 6%
91 [59,64] 5%
107[60,65] 5%
145[61,66] 6%
157[60,65] 4%
159[60,65] 4%
161[57,63] 5%
162[60,66] 2%
178[59,64] 6%
180[60,65] 6%
189[64,65] 3%
==============================
Abandoned Tower (6A)|G
53 [57,62] 4%
54 [60,65] 3%
60 [59,64] 5%
61 [58,63] 4%
63 [59,65] 4%
77 [60,64] 6%
79 [60,65] 4%
81 [60,65] 5%
84 [61,66] 1%
87 [60,65] 4%
88 [60,65] 4%
273[58,64] 4%
245[60,65] 6%
91 [59,64] 5%
107[60,65] 5%
145[61,66] 6%
157[60,65] 4%
159[60,65] 4%
161[57,63] 5%
162[60,66] 2%
178[59,64] 6%
180[60,65] 6%
189[64,65] 3%
==============================
Deep Chasm (0A)|G
25 [60,65] 4%
51 [59,64] 6%
56 [58,63] 5%
58 [59,65] 3%
60 [59,64] 6%
61 [58,63] 5%
63 [59,65] 5%
65 [60,65] 4%
67 [61,66] 4%
70 [58,64] 4%
72 [59,65] 3%
74 [59,64] 5%
141[57,63] 2%
142[60,66] 2%
149[61,65] 3%
155[59,63] 3%
159[60,65] 3%
161[57,63] 3%
162[60,66] 2%
170[59,64] 4%
173[60,65] 5%
193[56,60] 4%
194[61,67] 2%
248[60,65] 4%
277[60,65] 2%
180[60,65] 4%
186[64,65] 3%
==============================
Deep Chasm (0B)|G
25 [60,65] 4%
51 [59,64] 6%
56 [58,63] 5%
58 [59,65] 3%
60 [59,64] 6%
61 [58,63] 5%
63 [59,65] 5%
65 [60,65] 4%
67 [61,66] 4%
70 [58,64] 4%
72 [59,65] 3%
74 [59,64] 5%
141[57,63] 2%
142[60,66] 2%
149[61,65] 3%
155[59,63] 3%
159[60,65] 3%
161[57,63] 3%
162[60,66] 2%
170[59,64] 4%
173[60,65] 5%
193[56,60] 4%
194[61,67] 2%
248[60,65] 4%
277[60,65] 2%
180[60,65] 4%
186[64,65] 3%
==============================
Deep Chasm (-1A)|G
25 [60,65] 4%
51 [59,64] 6%
56 [58,63] 5%
58 [59,65] 3%
60 [59,64] 6%
61 [58,63] 5%
63 [59,65] 5%
65 [60,65] 4%
67 [61,66] 4%
70 [58,64] 4%
72 [59,65] 3%
74 [59,64] 5%
141[57,63] 2%
142[60,66] 2%
149[61,65] 3%
155[59,63] 3%
159[60,65] 3%
161[57,63] 3%
162[60,66] 2%
170[59,64] 4%
173[60,65] 5%
193[56,60] 4%
194[61,67] 2%
248[60,65] 4%
277[60,65] 2%
180[60,65] 4%
186[64,65] 3%
==============================
Deep Chasm (-2A)|G
25 [60,65] 4%
51 [59,64] 6%
56 [58,63] 5%
58 [59,65] 3%
60 [59,64] 6%
61 [58,63] 5%
63 [59,65] 5%
65 [60,65] 4%
67 [61,66] 4%
70 [58,64] 4%
72 [59,65] 3%
74 [59,64] 5%
141[57,63] 2%
142[60,66] 2%
149[61,65] 3%
155[59,63] 3%
159[60,65] 3%
161[57,63] 3%
162[60,66] 2%
170[59,64] 4%
173[60,65] 5%
193[56,60] 4%
194[61,67] 2%
248[60,65] 4%
277[60,65] 2%
180[60,65] 4%
186[64,65] 3%
==============================
Deep Chasm (-3A)|G
25 [60,65] 4%
51 [59,64] 6%
56 [58,63] 5%
58 [59,65] 3%
60 [59,64] 6%
61 [58,63] 5%
63 [59,65] 5%
65 [60,65] 4%
67 [61,66] 4%
70 [58,64] 4%
72 [59,65] 3%
74 [59,64] 5%
141[57,63] 2%
142[60,66] 2%
149[61,65] 3%
155[59,63] 3%
159[60,65] 3%
161[57,63] 3%
162[60,66] 2%
170[59,64] 4%
173[60,65] 5%
193[56,60] 4%
194[61,67] 2%
248[60,65] 4%
277[60,65] 2%
180[60,65] 4%
186[64,65] 3%
==============================
Deep Chasm (-4A)|G
25 [60,65] 4%
51 [59,64] 6%
56 [58,63] 5%
58 [59,65] 3%
60 [59,64] 6%
61 [58,63] 5%
63 [59,65] 5%
65 [60,65] 4%
67 [61,66] 4%
70 [58,64] 4%
72 [59,65] 3%
74 [59,64] 5%
141[57,63] 2%
142[60,66] 2%
149[61,65] 3%
155[59,63] 3%
159[60,65] 3%
161[57,63] 3%
162[60,66] 2%
170[59,64] 4%
173[60,65] 5%
193[56,60] 4%
194[61,67] 2%
248[60,65] 4%
277[60,65] 2%
180[60,65] 4%
186[64,65] 3%
==============================
Deep Chasm (-5A)|G
25 [60,65] 4%
51 [59,64] 6%
56 [58,63] 5%
58 [59,65] 3%
60 [59,64] 6%
61 [58,63] 5%
63 [59,65] 5%
65 [60,65] 4%
67 [61,66] 4%
70 [58,64] 4%
72 [59,65] 3%
74 [59,64] 5%
141[57,63] 2%
142[60,66] 2%
149[61,65] 3%
155[59,63] 3%
159[60,65] 3%
161[57,63] 3%
162[60,66] 2%
170[59,64] 4%
173[60,65] 5%
193[56,60] 4%
194[61,67] 2%
248[60,65] 4%
277[60,65] 2%
180[60,65] 4%
186[64,65] 3%