Index|Name|Money|Flag|Item|<ID|Level|Ability|Item|M1,M2,M3,M4><ID|Level|Ability|Item|M1,M2,M3,M4><ID|Level|Ability|Item|M1,M2,M3,M4><ID|Level|Ability|Item|M1,M2,M3,M4><ID|Level|Ability|Item|M1,M2,M3,M4><ID|Level|Ability|Item|M1,M2,M3,M4>
0|Scott 1|400|5|CALCULATOR|<1|7|ROUGH_SKIN|MIRACLE_SEED|POUND,WITHDRAW,RAZOR_LEAF,><4|7|DRY_SKIN|CHARCOAL|TACKLE,HARDEN,EMBER,><7|7|PROTEAN|MYSTIC_WATER|SCRATCH,GROWL,WATER_GUN,>
1|A|100|0|null|<85|4|SYNCHRONIZE|TANGA_BERRY|TELEPORT,GROWL,FLASH,DOUBLE_TEAM><174|5|MAGIC_GUARD|COBA_BERRY|SPLASH,FLASH,LOVELY_KISS,SWEET_KISS><16|5|MOUTHWATER|ORAN_BERRY|POUND,GROWL,LEER,>
2|B|100|0|null|<10|4|INSECT_FEEDER|BRIGHT_POWDER|FLASH,,,><13|4|INSOMNIA|ORAN_BERRY|TACKLE,,,>
3|C|100|0|null|<32|5|SWARM|OCCA_BERRY|STRING_SHOT,TACKLE,,><269|5|SHIELD_DUST|COBA_BERRY|TACKLE,STRING_SHOT,,><29|5|POISON_POINT|OCCA_BERRY|ABSORB,GROWTH,,>
4|D|100|0|null|<22|2|SWARM|null|BUG_BITE,,,><22|3|SWARM|null|BUG_BITE,,,><22|4|SWARM|null|BUG_BITE,,,><22|5|SWARM|null|BUG_BITE,,,>
5|TN 1|100|0|null|<22|12|SWARM|COBA_BERRY|BUG_BITE,PROTECT,HIDDEN_POWER,><278|10|CHLOROPHYLL|CHARCOAL|FLAME_CHARGE,GROWTH,RAZOR_LEAF,SUNNY_DAY>
6|TN 2|100|0|null|<22|12|SWARM|OCCA_BERRY|BUG_BITE,PROTECT,HIDDEN_POWER_ROCK,><265|10|PARASOCIAL|WISE_GLASSES|CONFUSION,HIDDEN_POWER,PSYWAVE,COSMIC_POWER>
7|TN 3|100|0|null|<29|12|POISON_POINT|BIG_ROOT|MEGA_DRAIN,GROWTH,WATER_SPORT,STUN_SPORE><139|11|NATURAL_CURE|CHESTO_BERRY|HARDEN,FLASH,PSYWAVE,WATER_GUN>
8|TN 4|100|0|null|<59|12|MOUTHWATER|CHERI_BERRY|POWDER_SNOW,MEAN_LOOK,CONFUSION,GLARE><261|12|BLACK_HOLE|ORAN_BERRY|SHOOTING_STARS,SLUDGE,POISON_GAS,POUND>
9|TN 5|100|0|null|<41|12|HYPER_CUTTER|COBA_BERRY|BRUTAL_SWING,LEER,FURY_CUTTER,KARATE_CHOP>
10|TN 6|100|0|null|<73|12|TECHNICIAN|RAWST_BERRY|INFESTATION,FLASH,PAYBACK,SLASH>
11|TN 7|100|0|null|<90|12|CONTRARY|TANGA_BERRY|PAYBACK,PLUCK,HYPNOSIS,WRAP><243|12|SYNCHRONIZE|EXPERT_BELT|CONFUSION,FLASH,TELEPORT,HIDDEN_POWER_FIGHTING>
12|TN 8|100|0|null|<52|12|SHED_SKIN|TWISTED_SPOON|BIND,HIDDEN_POWER_ROCK,FLASH,CONFUSION><175|12|UNAWARE|MENTAL_HERB|FLASH_RAY,SPACE_BEAM,WISH,MINIMIZE>
13|Rick 1|400|14|null|<66|13|ROCK_HEAD|ORAN_BERRY|HEADBUTT,CIRCLE_THROW,FEINT_ATTACK,IRON_DEFENSE><111|13|STATIC|MAGNET|THUNDERSHOCK,CHARGE,WRAP,THUNDER_WAVE><44|14|SWIFT_SWIM|BIG_ROOT|HAZE,MEGA_DRAIN,GROWL,FLIP_TURN><120|14|TOUGH_CLAWS|OCCA_BERRY|IRON_DEFENSE,GROWL,QUICK_ATTACK,COVET>
14|1 Gym A|200|0|null|<13|13|INSOMNIA|BRIGHT_POWDER|CUT,SAND_ATTACK,PECK,U$TURN><13|14|INSOMNIA|ORAN_BERRY|TACKLE,SAND_ATTACK,AERIAL_ACE,TAUNT><153|14|INNER_FOCUS|EXPERT_BELT|ABSORB,SUPERSONIC,AERIAL_ACE,ASTONISH>
15|1 Gym B|200|0|null|<10|12|KEEN_EYE|ORAN_BERRY|FLASH,LEER,FLASH_RAY,GUST><10|13|KEEN_EYE|CHARTI_BERRY|QUICK_ATTACK,LEER,FLASH_RAY,GUST><226|14|LIGHTNING_ROD|ROSELI_BERRY|NIGHT_SHADE,GLARE,BRUTAL_SWING,GUST>
16|1 Gym C|200|0|null|<13|14|INSOMNIA|SHARP_BEAK|TACKLE,SAND_ATTACK,AERIAL_ACE,LEER><10|14|KEEN_EYE|GANLON_BERRY|QUICK_ATTACK,HIDDEN_POWER_WATER,FLASH_RAY,GUST><135|14|WATER_ABSORB|SCOPE_LENS|AQUA_RING,WATER_PULSE,WING_ATTACK,LEER>
17|1 Gym Leader 1|500|0|TM52|<10|16|KEEN_EYE|BRIGHT_POWDER|QUICK_ATTACK,WHIRLWIND,FLASH_RAY,GUST><153|16|STRONG_JAW|EXPERT_BELT|MEGA_DRAIN,SUPERSONIC,AERIAL_ACE,POISON_FANG><135|16|UNAWARE|LEFTOVERS|AQUA_RING,SUPERSONIC,WING_ATTACK,WATER_PULSE><226|16|LIGHTNING_ROD|ORAN_BERRY|GUST,GLARE,NIGHT_SHADE,SHADOW_SNEAK><177|15|SERENE_GRACE|ENCHANTED_AMULET|CALM_MIND,WISH,MAGIC_BLAST,GUST><14|17|INSOMNIA|SCOPE_LENS|SAND_ATTACK,LEER,AERIAL_ACE,QUICK_ATTACK>
18|E|100|0|null|<19|16|ADAPTABILITY|SITRUS_BERRY|MACH_PUNCH,FEINT,DETECT,HEADBUTT><179|16|ADAPTABILITY|MYSTICOLA_BERRY|SCRATCH,TORMENT,CURSE,SHADOW_SNEAK><158|16|ADAPTABILITY|ROSELI_BERRY|HYPNOSIS,FAKE_TEARS,MEAN_LOOK,HIDDEN_POWER_DARK>
19|F|100|0|null|<32|8|SWARM|COBA_BERRY|STRING_SHOT,TACKLE,BUG_BITE,><129|8|COMPOUND_EYES|SILK_SCARF|SAND_ATTACK,SCRATCH,HARDEN,><32|9|SWARM|SILVER_POWDER|STRING_SHOT,TACKLE,BUG_BITE,>
20|G|100|0|null|<19|8|ANGER_POINT|MUSCLE_BAND|DOUBLE_KICK,TACKLE,GROWL,HEADBUTT><13|9|INSOMNIA|SILK_SCARF|TACKLE,SAND_ATTACK,PECK,>
21|H|100|0|null|<26|10|ANGER_POINT|APICOT_BERRY|ROCK_THROW,LEER,ABSORB,HEADBUTT>
22|I|100|0|null|<47|9|MAGIC_GUARD|FOCUS_SASH|FLASH,DOUBLE_KICK,SWIFT,BABY$DOLL_EYES><55|10|INTIMIDATE|RINDO_BERRY|TACKLE,DEFENSE_CURL,ROCK_THROW,BITE>
23|J1|100|0|null|<85|15|SYNCHRONIZE|TANGA_BERRY|CONFUSION,HYPNOSIS,FLASH_RAY,DRAINING_KISS><254|16|MIRROR_ARMOR|LIGHT_CLAY|GLITTERING_TORNADO,CHARM,HIDDEN_POWER_BUG,LIGHT_SCREEN><10|16|KEEN_EYE|PETAYA_BERRY|QUICK_ATTACK,WHIRLWIND,FLASH_RAY,GUST>
24|K|100|0|null|<129|17|COMPOUND_EYES|ORAN_BERRY|MUD$SLAP,SCRATCH,HARDEN,FALSE_SWIPE><38|18|ANTICIPATION|LEFTOVERS|ODOR_SLEUTH,PROTECT,LEAFAGE,ENDURE>
25|L|100|0|null|<19|18|ADAPTABILITY|SITRUS_BERRY|MACH_PUNCH,FEINT,DETECT,HEADBUTT>
26|M|100|0|null|<141|18|AMBUSH|RINDO_BERRY|SKULL_BASH,JAW_LOCK,THIEF,SCARY_FACE>
27|N|100|0|null|<42|18|HYPER_CUTTER|COBA_BERRY|BRUTAL_SWING,SWORD_SPIN,FURY_CUTTER,KARATE_CHOP>
28|O1|100|0|null|<209|19|SWIFT_SWIM|MAGNET|SPARK,TACKLE,,><143|18|REGENERATOR|FOCUS_SASH|SWIFT,MAGIC_BLAST,TOPSY$TURVY,SWITCHEROO>
29|O2|100|0|null|<137|19|SWIFT_SWIM|CHOICE_BAND|SPLASH,TACKLE,,><139|18|ILLUMINATION|EXPERT_BELT|WATER_GUN,SWIFT,SPACE_BEAM,PSYWAVE>
30|P|100|0|null|<26|18|ANGER_POINT|HARD_STONE|ROCK_THROW,LEAF_TORNADO,MAGICAL_LEAF,ROOT_KICK>
31|Q|100|0|null|<90|18|CONTRARY|BLACK_GLASSES|PAYBACK,PLUCK,PSYBEAM,SWAGGER><82|19|PSYCHIC_SURGE|TERRAIN_EXTENDER|HYPNOSIS,DREAM_EATER,CONFUSION,PSYWAVE>
32|R|100|0|null|<64|19|STURDY|EXPERT_BELT|DEFENSE_CURL,HEADBUTT,BULLDOZE,ICE_FANG>
33|S|100|0|null|<137|19|SWIFT_SWIM|RINDO_BERRY|SPLASH,TACKLE,,><137|19|SWIFT_SWIM|RINDO_BERRY|SPLASH,TACKLE,,><137|19|SWIFT_SWIM|RINDO_BERRY|SPLASH,TACKLE,,><71|19|TORRENT|RINDO_BERRY|COVET,MAGIC_REFLECT,WATER_PULSE,LIGHT_BEAM>
34|Fred 1|400|32|CALCULATOR|<78|18|WATER_VEIL|LEFTOVERS|CONFUSION,AQUA_RING,WATER_PULSE,AQUA_VEIL><2|20|ROUGH_SKIN|MIRACLE_SEED|SMACK_DOWN,HEADBUTT,RAZOR_LEAF,SAND_ATTACK><5|20|DRY_SKIN|CHARCOAL|SMOKESCREEN,INCINERATE,HEADBUTT,FLAME_WHEEL><8|20|PROTEAN|MYSTIC_WATER|BUBBLEBEAM,MUD_SPORT,BITE,MEAN_LOOK>
35|T|100|0|null|<42|16|HYPER_CUTTER|FOCUS_SASH|BRUTAL_SWING,SWORD_SPIN,FURY_CUTTER,KARATE_CHOP><52|17|SHED_SKIN|PASSHO_BERRY|BIND,ROCK_THROW,SCREECH,CONFUSION>
36|U1|100|0|null|<104|15|SOLAR_POWER|EXPERT_BELT|SMOG,ROAR,THUNDER_FANG,FIRE_FANG><94|15|FLAME_BODY|null|WILL$O$WISP,EMBER,,>
37|U2|100|0|null|<106|15|MAGIC_GUARD|CHILAN_BERRY|SMOKESCREEN,CONFUSION,GLITTERING_TORNADO,HYPNOSIS><94|15|FLAME_BODY|null|WILL$O$WISP,EMBER,,>
38|V|100|0|null|<85|17|SYNCHRONIZE|RINDO_BERRY|CONFUSION,HYPNOSIS,FLASH_RAY,DRAINING_KISS><82|16|PSYCHIC_SURGE|TWISTED_SPOON|HYPNOSIS,DREAM_EATER,CONFUSION,PSYWAVE><80|17|GRASSY_SURGE|ORAN_BERRY|DETECT,LEECH_SEED,FAKE_TEARS,CONFUSION><75|18|ANTICIPATION|COLBUR_BERRY|MAGIC_POWDER,AROMATHERAPY,SPARKLY_SWIRL,SWIFT>
39|W|100|0|null|<138|20|INTIMIDATE|FOCUS_BAND|SPLASH,TACKLE,BITE,>
40|EP-AA|100|0|null|<90|22|CONTRARY|ROSELI_BERRY|SLASH,THIEF,PSYBEAM,SWAGGER>
41|EP-AB|100|0|null|<36|21|STATIC|RAWST_BERRY|BITE,THUNDERSHOCK,SPARK,BUG_BITE><82|21|PSYCHIC_SURGE|CHESTO_BERRY|HYPNOSIS,DREAM_EATER,GRAVITY,PSYWAVE><80|21|GRASSY_SURGE|TERRAIN_EXTENDER|DETECT,LEECH_SEED,MAGICAL_LEAF,CONFUSION>
42|EP-AC|100|0|null|<114|20|STATIC|RINDO_BERRY|MUD$SLAP,MUD_BOMB,SHOCK_WAVE,ENDURE>
43|EP-AD|100|0|null|<181|22|SNIPER|METAL_COAT|AUTOMOTIZE,PROTECT,POP_POP,HEADBUTT>
44|EP-AE|100|0|null|<126|21|GUTS|FOCUS_BAND|FURY_SWIPES,DOUBLE_TEAM,POWER$UP_PUNCH,COVET><123|22|ELECTRIC_SURGE|FOCUS_BAND|SPARK,COVET,DOUBLE_TEAM,ROAR><120|21|TOUGH_CLAWS|FOCUS_BAND|IRON_DEFENSE,GYRO_BALL,METAL_SOUND,COVET>
45|EP-BA|100|0|null|<138|21|INTIMIDATE|CHERI_BERRY|SPLASH,TACKLE,BITE,><138|21|INTIMIDATE|RAWST_BERRY|SPLASH,TACKLE,BITE,>
46|EP-BB|100|0|null|<148|22|ILLUMINATION|RINDO_BERRY|THIEF,MUD_SHOT,FLASH_RAY,MUD_BOMB>
47|EP-BC|100|0|null|<139|22|ILLUMINATION|COBA_BERRY|WATER_GUN,SWIFT,SPACE_BEAM,CONFUSE_RAY><140|22|ILLUMINATION|null|RECOVER,PSYCHIC,MOONBLAST,HYDRO_PUMP>
48|EP-BD|100|0|null|<144|21|SWIFT_SWIM|MYSTICOLA_BERRY|BUBBLEBEAM,AQUA_JET,CRUNCH,DRAGON_BREATH>
49|TN O1|100|0|null|<23|19|SWARM|POISON_BARB|POISON_FANG,PROTECT,HIDDEN_POWER,FOCUS_ENERGY>
50|TN O2|100|0|null|<73|19|TECHNICIAN|LUM_BERRY|THIEF,BUG_BITE,PAYBACK,SLASH>
51|TN O3|100|0|null|<95|19|FLAME_BODY|GALAXEED_BERRY|WILL$O$WISP,EMBER,FLAME_WHEEL,>
52|TN O4|100|0|null|<104|19|SOLAR_POWER|SALAC_BERRY|ODOR_SLEUTH,ROAR,THUNDER_FANG,FIRE_FANG>
53|TN O5|100|0|null|<52|20|SHED_SKIN|WHITE_HERB|BIND,ROCK_THROW,LOW_SWEEP,CONFUSION><141|20|AMBUSH|RAWST_BERRY|SKULL_BASH,JAW_LOCK,THIEF,SCARY_FACE>
54|TN O6|100|42|null|<90|20|CONTRARY|LIFE_ORB|SLASH,PLUCK,PSYBEAM,SWAGGER><144|20|SWIFT_SWIM|null|BUBBLEBEAM,AQUA_JET,CRUNCH,DRAGON_BREATH>
55|Scott 2|400|64|HM02|<130|21|SPEED_BOOST|FOCUS_SASH|FALSE_SWIPE,MUD$SLAP,FURY_CUTTER,HARDEN><2|22|ROUGH_SKIN|SITRUS_BERRY|SAND_ATTACK,SMACK_DOWN,HEADBUTT,SLEEP_POWDER><5|22|DRY_SKIN|SITRUS_BERRY|INCINERATE,HEADBUTT,FLAME_WHEEL,IRON_DEFENSE><8|22|PROTEAN|SITRUS_BERRY|BUBBLEBEAM,MUD_SPORT,BITE,MEAN_LOOK><166|22|RATTLED|PASSHO_BERRY|FURY_ATTACK,RAPID_SPIN,GROWL,TAIL_WHIP>
56|2 Gym A|200|0|null|<16|22|MOUTHWATER|MUSCLE_BAND|HEADBUTT,MACH_PUNCH,BITE,DOUBLE_SLAP>
57|2 Gym B|200|0|null|<16|22|MOUTHWATER|RAWST_BERRY|HEADBUTT,MACH_PUNCH,BITE,DOUBLE_SLAP>
58|2 Gym C|200|0|null|<14|20|INSOMNIA|CHERI_BERRY|AIR_CUTTER,FURY_ATTACK,WING_ATTACK,PECK>
59|2 Gym D|200|0|null|<14|20|INSOMNIA|CHARTI_BERRY|AIR_CUTTER,FURY_ATTACK,WING_ATTACK,PECK>
60|2 Gym E|200|0|null|<20|21|ADAPTABILITY|CHILAN_BERRY|BABY$DOLL_EYES,COVET,MAGIC_BLAST,LOW_KICK>
61|2 Gym F|200|0|null|<20|21|ADAPTABILITY|SILK_SCARF|BABY$DOLL_EYES,COVET,MAGIC_BLAST,LOW_KICK>
62|2 Gym G|200|0|null|<19|22|ADAPTABILITY|ORAN_BERRY|BABY$DOLL_EYES,FEINT,DETECT,LOW_KICK><19|23|ADAPTABILITY|null|BABY$DOLL_EYES,FEINT,DETECT,LOW_KICK>
63|2 Gym H|200|0|null|<19|22|ADAPTABILITY|null|BABY$DOLL_EYES,FEINT,DETECT,LOW_KICK><19|23|ADAPTABILITY|SITRUS_BERRY|BABY$DOLL_EYES,FEINT,DETECT,LOW_KICK>
64|2 Gym I|200|0|null|<16|22|MOUTHWATER|WEAKNESS_POLICY|HEADBUTT,MACH_PUNCH,BITE,DOUBLE_SLAP>
65|2 Gym J|200|0|null|<14|22|INSOMNIA|SHARP_BEAK|AIR_CUTTER,FURY_ATTACK,WING_ATTACK,PECK>
66|2 Gym Leader 1|500|50|TM01|<16|24|MOUTHWATER|EVIOLITE|SUPER_FANG,BITE,HEADBUTT,BULK_UP><126|24|GUTS|FOCUS_BAND|POWER$UP_PUNCH,FURY_SWIPES,DOUBLE_TEAM,CHARM><179|24|ADAPTABILITY|COLBUR_BERRY|WILL$O$WISP,HEX,ROUND,TAUNT><92|24|INTIMIDATE|MUSCLE_BAND|SUPER_FANG,METAL_CLAW,FLAME_WHEEL,BODY_SLAM><89|24|SIMPLE|STARF_BERRY|LIGHT_BEAM,FLASH_CANNON,THUNDERBOLT,TAIL_GLOW><20|25|ADAPTABILITY|EXPERT_BELT|HEADBUTT,HYPNOSIS,FEINT_ATTACK,SWIFT>
67|SA|100|0|null|<151|8|INTIMIDATE|ORAN_BERRY|WRAP,LEER,POISON_STING,BITE><241|8|TOXIC_DEBRIS|HARD_STONE|ROCK_THROW,HARDEN,SMACK_DOWN,ACID_SPRAY>
68|SB|100|0|null|<44|9|SWIFT_SWIM|BIG_ROOT|HAZE,GROWL,ABSORB,WATER_GUN><295|9|PRANKSTER|BLACK_GLASSES|BITE,ACID_SPRAY,TAUNT,MIMIC>
69|SC|100|0|null|<272|9|WONDER_SKIN|FOCUS_BAND|HARDEN,MAGIC_BLAST,METRONOME,><35|9|SWARM|ORAN_BERRY|VISE_GRIP,MUD$SLAP,STRING_SHOT,>
70|SD|100|0|null|<153|8|STRONG_JAW|EXPERT_BELT|ABSORB,SUPERSONIC,ASTONISH,><276|9|WONDER_SKIN|FOCUS_SASH|SPLASH,,,>
71|X|100|0|null|<132|20|SWIFT_SWIM|LEFTOVERS|BUBBLE,PROTECT,AQUA_RING,NIGHT_SHADE><163|21|GUTS|CUSTAP_BERRY|FOCUS_ENERGY,BULK_UP,ROCK_SLIDE,LOW_KICK>
72|Y|100|0|null|<11|24|MIRROR_ARMOR|CHARTI_BERRY|DEFOG,WHIRLWIND,TWISTER,AIR_CUTTER><134|27|UNAWARE|LEFTOVERS|COVET,AMNESIA,WATER_PULSE,DIVE>
73|Z|100|0|null|<105|27|SOLAR_POWER|BRIGHT_POWDER|FEINT_ATTACK,BEAT_UP,THIEF,INCINERATE>
74|AA|100|0|null|<131|29|WONDER_GUARD|CHOICE_BAND|SHADOW_SNEAK,FALSE_SWIPE,MUD$SLAP,THIEF>
75|MS A|100|0|null|<61|29|SNOW_CLOAK|EXPERT_BELT|ENCORE,AURORA_BOOST,ICE_SHARD,MAGIC_BLAST>
76|MS B|100|0|null|<92|29|INTIMIDATE|PASSHO_BERRY|BODY_SLAM,METAL_CLAW,FIRE_FANG,COVET><160|30|LEVITATE|PAYAPA_BERRY|TOXIC_SPIKES,NIGHT_SHADE,SLUDGE,MINIMIZE>
77|MS C|100|0|null|<115|30|STATIC|SOFT_SAND|MAGNITUDE,COVET,THUNDER_WAVE,HEADBUTT>
78|MS D|100|0|null|<155|51|STRONG_JAW|POWER_HERB|FLY,CROSS_POISON,HAZE,VENOSHOCK><161|53|LEVITATE|EVIOLITE|SHADOW_BALL,PHANTOM_FORCE,SHADOW_SNEAK,SMART_STRIKE>
79|TN MS 1|100|0|HM03|<53|30|SYNCHRONIZE|RAWST_BERRY|ROCK_TOMB,STEALTH_ROCK,ROCK_POLISH,PSYCHO_CUT>
80|AB|100|0|null|<86|28|SYNCHRONIZE|RINDO_BERRY|PSYBEAM,LIFE_DEW,CHARM,DRAINING_KISS><82|30|PSYCHIC_SURGE|TERRAIN_EXTENDER|GRAVITY,IRON_DEFENSE,GRAVITY,PSYBEAM><86|29|SYNCHRONIZE|TANGA_BERRY|PSYBEAM,LIFE_DEW,CHARM,DRAINING_KISS><75|30|ANTICIPATION|COLBUR_BERRY|HEAL_PULSE,TRICK,HOCUS_POCUS,PSYBEAM><79|30|WATER_VEIL|FOCUS_BAND|PSYBEAM,CONFUSE_RAY,TRICK,AQUA_VEIL>
81|AC|100|0|null|<49|30|STURDY|CHOICE_BAND|ROLLOUT,STEALTH_ROCK,MAGNITUDE,SMACK_DOWN><53|31|SYNCHRONIZE|FOCUS_BAND|ROCK_TOMB,STEALTH_ROCK,ROCK_POLISH,PSYCHO_CUT>
82|AD|100|0|null|<98|30|FLAME_BODY|PASSHO_BERRY|WILL$O$WISP,DOUBLE_TEAM,FLAME_WHEEL,MUD_BOMB><102|31|SOLID_ROCK|SITRUS_BERRY|ROCK_BLAST,SMACK_DOWN,PROTECT,BURN_UP><105|31|SOLAR_POWER|APICOT_BERRY|FEINT_ATTACK,CRUNCH,THIEF,INCINERATE>
83|AE|100|0|null|<96|37|FLAME_BODY|GALAXEED_BERRY|MACH_PUNCH,BRICK_BREAK,BLAZE_KICK,KNOCK_OFF>
84|AF|100|0|null|<110|38|COMPETITIVE|PASSHO_BERRY|AGILITY,PLAY_ROUGH,FLAMETHROWER,GLITZY_GLOW>
85|AG|100|0|null|<73|29|TECHNICIAN|CHOICE_BAND|THIEF,BUG_BITE,FEINT_ATTACK,SLASH><91|30|CONTRARY|TANGA_BERRY|PSYCHO_CUT,SWITCHEROO,THIEF,NIGHT_SLASH>
86|AH|100|0|null|<97|30|STEELWORKER|LUM_BERRY|IRON_BLAST,WILL$O$WISP,EARTH_POWER,FLAMETHROWER>
87|AI|100|0|null|<89|30|SIMPLE|SALAC_BERRY|PLAY_ROUGH,FLASH_CANNON,THUNDERBOLT,CONFUSE_RAY><47|31|MAGIC_GUARD|LEFTOVERS|MAGIC_BLAST,CHARM,MAGIC_POWDER,SPARKLING_TERRAIN>
88|AJ|100|0|null|<46|30|SWIFT_SWIM|DAMP_ROCK|HYDRO_PUMP,ZEN_HEADBUTT,RAIN_DANCE,ENERGY_BALL><27|31|ANGER_POINT|ASSAULT_VEST|INGRAIN,ROCK_TOMB,MACH_PUNCH,SUBMISSION>
89|Fred 2|400|5|null|<98|29|FLAME_BODY|PASSHO_BERRY|WILL$O$WISP,DOUBLE_TEAM,FLAME_WHEEL,MUD_BOMB><210|30|VOLT_VORTEX|AIR_BALLOON|CRUNCH,TACKLE,THUNDER_FANG,DRAGON_RAGE><2|30|ROUGH_SKIN|EXPERT_BELT|MAGNITUDE,HEADBUTT,SLEEP_POWDER,MEGA_DRAIN><5|30|DRY_SKIN|EXPERT_BELT|IRON_DEFENSE,TAKE_DOWN,BULLDOZE,LAVA_PLUME><8|30|PROTEAN|EXPERT_BELT|BITE,MEAN_LOOK,FIRE_FANG,AQUA_JET><79|31|WATER_VEIL|ROCKY_HELMET|PSYBEAM,WATER_PULSE,AQUA_VEIL,CONFUSE_RAY>
90|3 Gym A|200|0|null|<33|29|SWARM|COBA_BERRY|PROTECT,GRASS_WHISTLE,BUG_BITE,RAZOR_LEAF><73|29|TECHNICIAN|FOCUS_SASH|THIEF,BUG_BITE,FEINT_ATTACK,SLASH><33|30|SWARM|OCCA_BERRY|PROTECT,GRASS_WHISTLE,BUG_BITE,RAZOR_LEAF><34|31|SHARPNESS|CHOICE_BAND|STRUGGLE_BUG,FELL_STINGER,RAZOR_LEAF,PIN_MISSILE>
91|3 Gym B|200|0|null|<23|30|SWARM|SITRUS_BERRY|AQUA_TAIL,COIL,THIEF,PIN_MISSILE><36|31|STATIC|LUM_BERRY|PARABOLIC_CHARGE,STICKY_WEB,SPARK,INFESTATION><42|32|HYPER_CUTTER|FOCUS_BAND|CROSS_CHOP,U$TURN,AGILITY,SLASH>
92|3 Gym C|200|0|null|<62|31|ICY_SCALES|null|POWDER_SNOW,STRUGGLE_BUG,,><63|31|ICY_SCALES|CHARTI_BERRY|AURORA_BEAM,SNOWSCAPE,AURORA_VEIL,DEFOG>
93|3 Gym D|200|0|null|<23|31|SWARM|LEFTOVERS|AQUA_TAIL,COIL,THIEF,PIN_MISSILE><25|31|ROUGH_SKIN|LEFTOVERS|AQUA_TAIL,COIL,THIEF,PIN_MISSILE>
94|3 Gym Leader 1|500|0|TM22|<25|31|COMPOUND_EYES|WIKI_BERRY|FELL_STINGER,IRON_TAIL,STONE_EDGE,STEALTH_ROCK><37|32|LEVITATE|WISE_GLASSES|STICKY_WEB,THUNDERBOLT,BUG_BUZZ,THUNDER_WAVE><34|32|SHARPNESS|COBA_BERRY|LEAF_BLADE,X$SCISSOR,FELL_STINGER,SWORDS_DANCE><42|32|HYPER_CUTTER|LIFE_ORB|FIRST_IMPRESSION,U$TURN,CLOSE_COMBAT,ROCK_SLIDE><74|32|TECHNICIAN|LUM_BERRY|BUG_BITE,MOONLIGHT,FEINT_ATTACK,FELL_STINGER><63|33|ICY_SCALES|HEAVY$DUTY_BOOTS|AURORA_BEAM,BUG_BUZZ,SNOWSCAPE,QUIVER_DANCE>
95|RR A|100|0|null|<71|30|TORRENT|LIFE_ORB|ICE_SHARD,AQUA_JET,BOUNCE,AURORA_BEAM><68|31|UNAWARE|SILK_SCARF|SNORE,COVET,BODY_SLAM,REST>
96|RR B|100|0|null|<27|30|ANGER_POINT|SITRUS_BERRY|INGRAIN,ROCK_TOMB,MACH_PUNCH,ROOT_KICK><30|31|POISON_POINT|BLACK_SLUDGE|SPIKES,SWEET_SCENT,GIGA_DRAIN,TOXIC_SPIKES>
97|RR C|100|0|null|<108|30|ANTICIPATION|CHARCOAL|FIRE_SPIN,COVET,LIGHT_BEAM,INCINERATE><107|31|SLEIGHT_OF_HAND|CHILAN_BERRY|FLAMETHROWER,ELEMENTAL_SPARKLE,TRICK,MAGIC_BLAST>
98|CR|100|0|null|<86|18|SYNCHRONIZE|TWISTED_SPOON|PSYBEAM,HYPNOSIS,FLASH_RAY,DRAINING_KISS><45|19|SWIFT_SWIM|EXPERT_BELT|FAKE_OUT,WATER_GUN,HAZE,MEGA_DRAIN>
99|CS|100|0|null|<36|20|STATIC|OCCA_BERRY|BITE,THUNDERSHOCK,SPARK,BUG_BITE>
100|CT|100|0|null|<68|20|UNAWARE|SITRUS_BERRY|ROLLOUT,ENCORE,ICE_BALL,BRINE>
101|CU|100|0|null|<42|20|HYPER_CUTTER|FOCUS_SASH|BRUTAL_SWING,SWORD_SPIN,BUG_BITE,KARATE_CHOP>
102|E1|100|0|null|<134|5|UNAWARE|ORAN_BERRY|RAPID_SPIN,AMNESIA,WATER_PULSE,><117|6|SAP_SIPPER|MAGNET|BRANCH_POKE,THUNDERSHOCK,,>
103|K1|100|0|null|<1|15|OVERGROW|MIRACLE_SEED|SMACK_DOWN,WITHDRAW,RAZOR_LEAF,HIDDEN_POWER><4|15|BLAZE|CHARCOAL|INCINERATE,HARDEN,HIDDEN_POWER_ELECTRIC,SMOKESCREEN><7|15|TORRENT|MYSTIC_WATER|MUD_SPORT,GROWL,HIDDEN_POWER_POISON,BUBBLEBEAM>
104|AB1|100|0|null|<156|20|FRIENDLY_GHOST|LEFTOVERS|HYPNOSIS,PLAY_NICE,MOONLIGHT,HIDDEN_POWER>
105|AC1|100|0|null|<158|20|ADAPTABILITY|ROSELI_BERRY|HYPNOSIS,FAKE_TEARS,NASTY_PLOT,SNARL>
106|AG|100|0|null|<15|34|BATTLE_ARMOR|WACAN_BERRY|PLUCK,SPIKES,METAL_CLAW,METAL_SOUND><31|34|TECHNICIAN|BLACK_SLUDGE|WEATHER_BALL,GRASSY_TERRAIN,SLUDGE_BOMB,MAGICAL_LEAF>
107|AH|100|0|null|<171|35|SAND_VEIL|FOCUS_BAND|MUD_SHOT,TAIL_WHIP,SAND_ATTACK,WRAP><172|36|SAND_VEIL|BRIGHT_POWDER|SPIKES,DIG,IRON_DEFENSE,IRON_TAIL>
108|AI|100|0|null|<57|35|NO_GUARD|SITRUS_BERRY|DETECT,ACROBATICS,ANCIENT_POWER,MAGIC_BLAST><121|35|TOUGH_CLAWS|ROCKY_HELMET|FLASH,FLASH_CANNON,PLAY_ROUGH,ROLLOUT>
109|AJ|100|0|null|<83|35|PSYCHIC_SURGE|TERRAIN_EXTENDER|ZEN_HEADBUTT,IRON_DEFENSE,DOUBLE_HIT,MAGNET_BOMB><76|35|MAGIC_BOUNCE|FOCUS_BAND|MAGIC_BLAST,TRICK,HOCUS_POCUS,BRUTAL_SWING><80|36|GRASSY_SURGE|LEFTOVERS|PSYBEAM,LIGHT_SCREEN,MAGICAL_LEAF,LEAF_TORNADO><87|34|EMPATHIC_LINK|BRIGHT_POWDER|DAZZLING_GLEAM,PSYBEAM,LIFE_DEW,CHARM>
110|AK|100|0|null|<138|35|INTIMIDATE|MYSTIC_WATER|CRUNCH,RAIN_DANCE,AQUA_TAIL,ICE_FANG><150|36|WATER_VEIL|ROCKY_HELMET|AQUA_JET,PSYBEAM,SEA_DRAGON,SPARKLING_WATER>
111|AL|100|0|null|<160|36|LEVITATE|KING1S_ROCK|TOXIC_SPIKES,SLUDGE_BOMB,SLUDGE,MINIMIZE><164|36|GUTS|QUICK_CLAW|MACH_PUNCH,SCARY_FACE,DYNAMIC_PUNCH,SLAM><34|36|SHARPNESS|SCOPE_LENS|STRUGGLE_BUG,FELL_STINGER,CROSS_POISON,LEAF_BLADE>
112|AM|100|0|null|<154|36|STRONG_JAW|KING1S_ROCK|CRUNCH,THUNDER_FANG,ICE_FANG,MAGIC_FANG><140|35|ILLUMINATION|WEAKNESS_POLICY|RECOVER,PSYCHIC,MOONBLAST,HYDRO_PUMP><170|35|SAND_FORCE|CLEAR_AMULET|HEADBUTT,LOW_KICK,DRILL_RUN,ROCK_THROW>
113|AN|100|0|null|<102|35|SOLID_ROCK|LOADED_DICE|ROCK_BLAST,LAVA_PLUME,PROTECT,BURN_UP><95|35|FLAME_BODY|FOCUS_BAND|MACH_PUNCH,BRICK_BREAK,BLAZE_KICK,FURY_SWIPES><96|36|FLAME_BODY|CHOICE_BAND|MACH_PUNCH,BRICK_BREAK,BLAZE_KICK,KNOCK_OFF><175|37|MAGIC_GUARD|COBA_BERRY|MOONBLAST,RADIO_BURST,COSMIC_POWER,STORED_POWER>
114|AO|100|0|null|<132|37|SWIFT_SWIM|WIKI_BERRY|WATER_PULSE,SHELL_SMASH,AQUA_RING,NIGHT_SHADE><143|40|REGENERATOR|FOCUS_BAND|ELEMENTAL_SPARKLE,DRAGON_PULSE,MAGIC_CRASH,VANISHING_ACT><135|37|UNAWARE|SITRUS_BERRY|HAZE,DEFOG,ROOST,AIR_SLASH><133|37|SWIFT_SWIM|WHITE_HERB|SPARKLING_ARIA,SHELL_SMASH,SHADOW_BALL,GLITTERING_TORNADO>
115|AP|100|0|null|<127|36|GUTS|BLACK_BELT|PLAY_ROUGH,FLASH,BEEFY_BASH,MACH_PUNCH><164|37|GUTS|COVERT_CLOAK|MACH_PUNCH,SCARY_FACE,DYNAMIC_PUNCH,SLAM><182|36|SNIPER|OCCA_BERRY|REBOOT,BULLET_PUNCH,LOCK$ON,IRON_DEFENSE><180|37|ADAPTABILITY|ROSELI_BERRY|SHADOW_CLAW,AGILITY,SPIRIT_BREAK,CONFUSE_RAY>
116|AQ|100|0|null|<177|38|SERENE_GRACE|CLEAR_AMULET|SAFEGUARD,AIR_SLASH,SWIFT,DRAINING_KISS><193|39|SNOW_WARNING|CHARTI_BERRY|FREEZE$DRY,ICE_BALL,COSMIC_POWER,SPACE_BEAM><185|37|SPARKLY_SURGE|ENCHANTED_AMULET|MOONLIGHT,MAGIC_BLAST,SPARKLE_STRIKE,COMET_PUNCH><12|37|MIRROR_ARMOR|RED_CARD|AIR_SLASH,DAZZLING_GLEAM,MIRROR_MOVE,GLITTER_DANCE>
117|TN S1|100|0|null|<60|36|SNOW_CLOAK|BRIGHT_POWDER|MIST_BALL,SCARY_FACE,SNOWSCAPE,NIGHT_SHADE><37|37|LEVITATE|ROCKY_HELMET|PARABOLIC_CHARGE,STICKY_WEB,ELECTROWEB,SILVER_WIND>
118|TN S2|100|0|null|<31|36|TECHNICIAN|BLACK_SLUDGE|WEATHER_BALL,GRASSY_TERRAIN,SLUDGE_BOMB,MAGICAL_LEAF><74|37|TECHNICIAN|SILVER_POWDER|U$TURN,SLASH,MOONLIGHT,QUIVER_DANCE>
119|TN S3|100|0|null|<154|36|STRONG_JAW|EXPERT_BELT|CRUNCH,THUNDER_FANG,ICE_FANG,MAGIC_FANG><152|37|INTIMIDATE|LUM_BERRY|POISON_TAIL,DRAGON_TAIL,HAZE,THIEF>
120|TN S4|100|0|null|<160|36|LEVITATE|BLACK_SLUDGE|TOXIC_SPIKES,SLUDGE_BOMB,SLUDGE,MINIMIZE><159|37|ADAPTABILITY|ROSELI_BERRY|CURSE,NIGHT_SLASH,SHADOW_PUNCH,MINIMIZE>
121|TN S5|100|0|null|<91|37|CONTRARY|BLACK_GLASSES|PSYCHO_CUT,SWITCHEROO,THROAT_CHOP,FOUL_PLAY><97|37|STEELWORKER|AIR_BALLOON|AUTOMOTIZE,WILL$O$WISP,EARTH_POWER,HEX>
122|TN S6|100|0|null|<146|38|TOUGH_CLAWS|RINDO_BERRY|SLASH,HONE_CLAWS,SHELL_SMASH,NIGHT_SLASH><225|37|GUTS|ASSAULT_VEST|FEINT_ATTACK,BRICK_BREAK,KNOCK_OFF,DRAIN_PUNCH>
123|TN S7|100|0|null|<83|37|PSYCHIC_SURGE|TERRAIN_EXTENDER|ZEN_HEADBUTT,IRON_DEFENSE,DOUBLE_HIT,MAGNET_BOMB><87|38|EMPATHIC_LINK|FOCUS_BAND|DAZZLING_GLEAM,CALM_MIND,LIFE_DEW,CHARM>
124|TN S8|100|0|null|<39|38|MOXIE|KEBIA_BERRY|TAKE_DOWN,COTTON_GUARD,POWER_WHIP,RETURN><27|38|ANGER_POINT|MUSCLE_BAND|STEALTH_ROCK,ROCK_TOMB,MACH_PUNCH,SUBMISSION>
125|TN S9|100|0|null|<148|38|ILLUMINATION|FOCUS_BAND|CHARM,SWITCHEROO,LUSTER_PURGE,WATER_SPORT><149|38|ILLUMINATION|BRIGHT_POWDER|DRILL_RUN,AQUA_JET,LIQUIDATION,KNOCK_OFF>
126|TN S10|100|9|null|<164|39|GUTS|QUICK_CLAW|MACH_PUNCH,SCARY_FACE,DYNAMIC_PUNCH,KNOCK_OFF><144|38|SWIFT_SWIM|ASSAULT_VEST|DRAGON_PULSE,LIQUIDATION,PSYCHIC_FANGS,DRAGON_TAIL>
127|TN S11|100|0|null|<159|37|ADAPTABILITY|ROSELI_BERRY|CURSE,NIGHT_SLASH,SHADOW_PUNCH,MINIMIZE><97|37|STEELWORKER|ROCKY_HELMET|AUTOMOTIZE,WILL$O$WISP,EARTH_POWER,HEX>
128|TN S12|100|0|null|<176|37|MAGIC_GUARD|ROCKY_HELMET|COSMIC_POWER,MOONBLAST,SPACIAL_REND,RADIO_BURST><182|38|SNIPER|METAL_COAT|REBOOT,BULLET_PUNCH,LOCK$ON,IRON_DEFENSE>
129|TN S13|100|0|null|<24|38|POISON_HEAL|TOXIC_ORB|AQUA_TAIL,IRON_TAIL,TOXIC_SPIKES,POISON_JAB><74|37|TECHNICIAN|LUM_BERRY|U$TURN,SLASH,MOONLIGHT,QUIVER_DANCE>
130|TN S14|100|0|null|<56|37|INTIMIDATE|KING1S_ROCK|STEALTH_ROCK,PLAY_ROUGH,THUNDER_FANG,KNOCK_OFF><25|38|ROUGH_SKIN|ROCKY_HELMET|ROCK_SLIDE,IRON_TAIL,ROCK_POLISH,STEALTH_ROCK>
131|TN S15|100|0|null|<105|39|SOLAR_POWER|ASSAULT_VEST|FEINT_ATTACK,CRUNCH,FLAME_BURST,DARK_PULSE><99|38|INTIMIDATE|CHARTI_BERRY|WILL$O$WISP,DETECT,WING_ATTACK,FIRE_FANG>
132|TN S16|100|8|null|<141|38|AMBUSH|CHOICE_BAND|THUNDER_FANG,LIQUIDATION,ICE_FANG,FIRE_FANG><142|37|AMBUSH|POWER_HERB|SUCKER_PUNCH,PSYCHIC_FANGS,THROAT_CHOP,SKY_ATTACK>
133|4 Gym A|200|0|null|<63|37|ICY_SCALES|OCCA_BERRY|ICE_BEAM,SNOWSCAPE,AURORA_VEIL,BUG_BUZZ><63|38|ICY_SCALES|CHARTI_BERRY|ICE_BEAM,SNOWSCAPE,AURORA_VEIL,BUG_BUZZ><69|39|UNAWARE|CHESTO_BERRY|SNORE,FROSTBIND,SNOWSCAPE,REST><69|40|UNAWARE|WIDE_LENS|SNORE,FROSTBIND,SNOWSCAPE,AURORA_VEIL>
134|4 Gym B|200|0|null|<65|40|GUTS|CLEAR_AMULET|ICE_PUNCH,SUBMISSION,AURORA_BEAM,SNOWSCAPE>
135|4 Gym C|200|0|null|<59|40|SNOW_CLOAK|BRIGHT_POWDER|GUST,COVET,DEFOG,NIGHT_SHADE><60|39|SNOW_CLOAK|ICY_ROCK|MIST_BALL,ICE_BEAM,SNOWSCAPE,NIGHT_SHADE><61|40|SNOW_CLOAK|LIGHT_CLAY|AURORA_VEIL,LIGHT_BEAM,SNOWSCAPE,FROSTBIND><60|39|SNOW_CLOAK|FOCUS_BAND|MIST_BALL,ICE_BEAM,SNOWSCAPE,NIGHT_SHADE>
136|4 Gym D|200|0|null|<63|41|ICY_SCALES|FOCUS_SASH|ICE_BEAM,BLIZZARD,AURORA_VEIL,BUG_BUZZ>
137|4 Gym Leader 1|500|0|TM60|<193|41|SNOW_WARNING|ICY_ROCK|FREEZE$DRY,SPACE_BEAM,COSMIC_POWER,WHIRLPOOL><69|41|UNAWARE|LIGHT_CLAY|SNOWSCAPE,AURORA_VEIL,BLIZZARD,SCALD><61|41|SNOW_CLOAK|BRIGHT_POWDER|AURORA_BOOST,MAGIC_BLAST,ICE_SHARD,BLIZZARD><60|41|SNOW_CLOAK|HEAVY$DUTY_BOOTS|PSYCHIC,ICE_BEAM,FREEZE$DRY,CALM_MIND><65|40|GUTS|FLAME_ORB|ICE_PUNCH,CLOSE_COMBAT,ICE_SHARD,SWORDS_DANCE><194|42|SLUSH_RUSH|CHOICE_BAND|ICE_SPINNER,COMET_CRASH,BRAVE_BIRD,HEAD_SMASH>
138|AR|100|0|null|<15|40|BATTLE_ARMOR|WACAN_BERRY|STEEL_WING,DRILL_PECK,METAL_CLAW,METAL_SOUND><60|40|SNOW_CLOAK|NEVER$MELT_ICE|MIST_BALL,ICE_BEAM,PSYCHIC,NIGHT_SHADE><15|40|BATTLE_ARMOR|ROCKY_HELMET|STEEL_WING,DRILL_PECK,METAL_CLAW,METAL_SOUND><12|40|MIRROR_ARMOR|HEAVY$DUTY_BOOTS|AIR_SLASH,DAZZLING_GLEAM,MIRROR_MOVE,GLITTER_DANCE><178|40|SERENE_GRACE|CHILAN_BERRY|CALM_MIND,CHARM,AIR_SLASH,CHARGE_BEAM><203|40|LEVITATE|WIKI_BERRY|THUNDER_WAVE,CHARGE_BEAM,WING_ATTACK,FLAMETHROWER>
139|AS|100|0|null|<91|42|CONTRARY|BLACK_GLASSES|TOPSY$TURVY,SWITCHEROO,THROAT_CHOP,FOUL_PLAY><79|43|WATER_VEIL|WIKI_BERRY|BUBBLEBEAM,PSYCHIC,MAGIC_TOMB,LIGHT_SCREEN><140|41|ILLUMINATION|EXPERT_BELT|RECOVER,PSYCHIC,MOONBLAST,HYDRO_PUMP><136|42|DRIZZLE|LEFTOVERS|DRAGON_PULSE,WHIRLPOOL,BREAKING_SWIPE,AQUA_JET>
140|AT|100|0|null|<138|41|INTIMIDATE|WACAN_BERRY|DRAGON_TAIL,RAIN_DANCE,AQUA_TAIL,AERIAL_ACE><138|42|INTIMIDATE|CHARTI_BERRY|DRAGON_TAIL,RAIN_DANCE,AQUA_TAIL,AERIAL_ACE><136|43|DRIZZLE|DAMP_ROCK|DRAGON_PULSE,WHIRLPOOL,BREAKING_SWIPE,AQUA_JET><149|42|ILLUMINATION|RINDO_BERRY|DRILL_RUN,AQUA_JET,PLAY_ROUGH,SUCKER_PUNCH>
141|AU|100|0|null|<155|43|STRONG_JAW|EXPERT_BELT|CONFUSE_RAY,CROSS_POISON,MAGIC_FANG,CRUNCH><125|43|ELECTRIC_SURGE|AIR_BALLOON|WHIP_SMASH,PLAY_ROUGH,THUNDER_PUNCH,THUNDER><119|42|SAP_SIPPER|ASSAULT_VEST|AROMATHERAPY,THUNDER,GIGA_DRAIN,THUNDERBOLT>
142|BVA|100|0|null|<126|8|GUTS|COBA_BERRY|PLAY_NICE,QUICK_ATTACK,TAIL_WHIP,CHARM><120|8|TOUGH_CLAWS|null|SCRATCH,GROWL,QUICK_ATTACK,>
143|BVB|100|0|null|<123|8|ELECTRIC_SURGE|RAWST_BERRY|NUZZLE,QUICK_ATTACK,TAIL_WHIP,CHARGE><126|8|GUTS|null|PLAY_NICE,QUICK_ATTACK,TAIL_WHIP,CHARM>
144|BVC|100|0|null|<120|8|TOUGH_CLAWS|PERSIM_BERRY|SCRATCH,GROWL,QUICK_ATTACK,><123|8|ELECTRIC_SURGE|null|NUZZLE,QUICK_ATTACK,TAIL_WHIP,CHARGE>
145|BVD|100|0|null|<126|9|GUTS|BRIGHT_POWDER|PLAY_NICE,QUICK_ATTACK,TAIL_WHIP,CHARM><120|9|TOUGH_CLAWS|null|SCRATCH,GROWL,QUICK_ATTACK,><123|9|ELECTRIC_SURGE|null|SPARK,QUICK_ATTACK,TAIL_WHIP,CHARGE>
146|O3|100|0|null|<178|28|SERENE_GRACE|CHILAN_BERRY|CALM_MIND,FLASH,SWIFT,SWEET_KISS><187|29|MULTISCALE|BABIRI_BERRY|GLITTER_DANCE,TWISTER,LIGHT_BEAM,WATER_PULSE><144|28|SWIFT_SWIM|HABAN_BERRY|FIRE_FANG,THUNDER_FANG,PSYCHIC_FANGS,ICE_FANG>
147|CCA|100|0|null|<174|30|MAGIC_GUARD|FOCUS_SASH|METRONOME,,,><175|30|MAGIC_GUARD|FOCUS_BAND|METRONOME,,,><176|28|MAGIC_GUARD|LEFTOVERS|METRONOME,,,>
148|CCB|100|0|null|<179|29|ADAPTABILITY|FOCUS_BAND|HEX,CONFUSE_RAY,TAUNT,ROUND><171|30|SAND_VEIL|SOFT_SAND|MUD_SHOT,TAIL_WHIP,SAND_ATTACK,WRAP><169|28|SAND_RUSH|KING1S_ROCK|HEADBUTT,METAL_CLAW,SANDSTORM,ROCK_THROW>
149|AV|100|0|null|<69|42|UNAWARE|LIGHT_CLAY|SNORE,FROSTBIND,SNOWSCAPE,AURORA_VEIL><69|43|UNAWARE|WIDE_LENS|BLIZZARD,FROSTBIND,SNOWSCAPE,AURORA_VEIL><70|44|UNAWARE|SITRUS_BERRY|BLIZZARD,ICE_FANG,SNOWSCAPE,AURORA_VEIL>
150|AW|100|0|null|<45|44|SWIFT_SWIM|KEBIA_BERRY|KNOCK_OFF,ZEN_HEADBUTT,GIGA_DRAIN,RAIN_DANCE><72|43|TORRENT|RINDO_BERRY|HYDRO_PUMP,ELEMENTAL_SPARKLE,BOUNCE,DAZZLING_GLEAM><46|42|SWIFT_SWIM|EXPERT_BELT|HYDRO_PUMP,ZEN_HEADBUTT,RAIN_DANCE,ENERGY_BALL>
151|AX|100|0|null|<136|43|DRIZZLE|DAMP_ROCK|DRAGON_PULSE,WHIRLPOOL,BREAKING_SWIPE,AQUA_JET><79|44|WATER_VEIL|LEFTOVERS|BUBBLEBEAM,PSYCHIC,MAGIC_TOMB,LIGHT_SCREEN>
152|AY|100|0|null|<91|43|CONTRARY|FOCUS_SASH|TOPSY$TURVY,SWITCHEROO,THROAT_CHOP,FOUL_PLAY><147|44|TOUGH_CLAWS|WHITE_HERB|SHELL_SMASH,NIGHT_SLASH,ROCK_SLIDE,LIQUIDATION>
153|AZ|100|0|null|<136|44|DRIZZLE|MYSTICOLA_BERRY|DRAGON_PULSE,WHIRLPOOL,BREAKING_SWIPE,AQUA_JET><133|44|SWIFT_SWIM|MYSTIC_WATER|SPARKLING_ARIA,SHELL_SMASH,LIQUIDATION,GLITTERING_TORNADO><139|45|ILLUMINATION|ROCKY_HELMET|RECOVER,HYDRO_PUMP,SHOOTING_STARS,PSYCHIC>
154|BA|100|0|null|<141|44|AMBUSH|ASSAULT_VEST|THUNDER_FANG,PSYCHIC_FANGS,ICE_FANG,FIRE_FANG><144|44|SWIFT_SWIM|CHOICE_SCARF|DRAGON_PULSE,LIQUIDATION,DRAGON_RUSH,MAGIC_FANG>
155|BB|100|0|null|<143|50|REGENERATOR|FOCUS_SASH|ELEMENTAL_SPARKLE,DRAGON_PULSE,MAGIC_CRASH,VANISHING_ACT><143|50|REGENERATOR|FOCUS_BAND|ELEMENTAL_SPARKLE,DRAGON_PULSE,MAGIC_CRASH,VANISHING_ACT><143|50|REGENERATOR|BRIGHT_POWDER|ELEMENTAL_SPARKLE,DRAGON_PULSE,MAGIC_CRASH,VANISHING_ACT><143|50|REGENERATOR|QUICK_CLAW|ELEMENTAL_SPARKLE,DRAGON_PULSE,MAGIC_CRASH,VANISHING_ACT><143|50|REGENERATOR|POWER_HERB|ELEMENTAL_SPARKLE,DRAGON_PULSE,MAGIC_CRASH,VANISHING_ACT><145|44|SWIFT_SWIM|POWER_HERB|MAGIC_FANG,SKY_ATTACK,IRON_BLAST,SPARKLE_STRIKE>
156|BC|100|0|null|<138|44|INTIMIDATE|WACAN_BERRY|DRAGON_TAIL,THRASH,AQUA_TAIL,AERIAL_ACE><210|44|VOLT_VORTEX|AIR_BALLOON|BOUNCE,VOLT_TACKLE,AQUA_TAIL,DRAGON_RUSH>
157|BD|100|0|null|<210|44|VOLT_VORTEX|POWER_HERB|BOUNCE,VOLT_TACKLE,AQUA_TAIL,DRAGON_RUSH><138|44|INTIMIDATE|LIFE_ORB|DRAGON_TAIL,THRASH,AQUA_TAIL,AERIAL_ACE>
158|BE|100|0|null|<210|43|VOLT_VORTEX|MAGNET|BOUNCE,ZING_ZAP,AQUA_TAIL,DRAGON_RUSH><119|44|SAP_SIPPER|LEFTOVERS|AROMATHERAPY,THUNDER,GIGA_DRAIN,THUNDERBOLT><113|44|HUGE_POWER|AIR_BALLOON|IRON_DEFENSE,MAGNET_RISE,SMART_STRIKE,BULLET_PUNCH>
159|BF|100|0|null|<39|45|MOXIE|SITRUS_BERRY|DOUBLE$EDGE,COTTON_GUARD,POWER_WHIP,HORN_LEECH>
160|BG|100|0|null|<40|45|SERENE_GRACE|TANGA_BERRY|GLITZY_GLOW,GIGA_DRAIN,COTTON_GUARD,ENERGY_BALL>
161|BH|100|0|null|<160|45|LEVITATE|BRIGHT_POWDER|TOXIC_SPIKES,SLUDGE_BOMB,SHADOW_BALL,MINIMIZE><161|44|LEVITATE|QUICK_CLAW|SHADOW_BALL,ROCK_SLIDE,SHADOW_SNEAK,SMART_STRIKE><160|45|LEVITATE|ROSELI_BERRY|TOXIC_SPIKES,SLUDGE_BOMB,SHADOW_BALL,MINIMIZE>
162|BI|100|0|null|<165|44|GUTS|FLAME_ORB|HAMMER_ARM,SCARY_FACE,DYNAMIC_PUNCH,KNOCK_OFF><127|45|GUTS|FLAME_ORB|PLAY_ROUGH,BULK_UP,CIRCLE_THROW,HAMMER_ARM><128|43|ADAPTABILITY|WIKI_BERRY|BEEFY_BASH,AURA_SPHERE,SUPERPOWER,CALM_MIND>
163|BJ|100|0|null|<167|46|SAND_STREAM|SMOOTH_ROCK|STONE_EDGE,BODY_PRESS,HORN_DRILL,MAGNITUDE><170|43|SAND_FORCE|EXPERT_BELT|STONE_EDGE,LOW_KICK,DRILL_RUN,GLITZY_GLOW><172|45|SAND_VEIL|EVIOLITE|SPIKES,EARTHQUAKE,IRON_HEAD,IRON_TAIL>
164|BK|100|0|null|<109|45|DROUGHT|HEAT_ROCK|DRILL_RUN,SWORDS_DANCE,FIRE_FANG,HEAT_CRASH><97|45|STEELWORKER|LEFTOVERS|AUTOMOTIZE,SWITCHEROO,FIRE_BLAST,HEX>
165|BL|100|0|null|<195|46|GRAVITATION|ASSAULT_VEST|SHOOTING_STARS,ROCK_SLIDE,METEOR_MASH,COSMIC_POWER><219|45|ADAPTABILITY|SMOOTH_ROCK|GLARE,FISSURE,SANDSTORM,EARTH_POWER>
166|BM|100|0|null|<220|47|LEVITATE|FOCUS_SASH|TOXIC_SPIKES,SWITCHEROO,SLUDGE_BOMB,DARK_PULSE><221|45|LEVITATE|SITRUS_BERRY|FALSE_SURRENDER,SLUDGE_BOMB,ACID_ARMOR,SHADOW_BALL><220|47|LEVITATE|ROSELI_BERRY|TOXIC_SPIKES,SWITCHEROO,SLUDGE_BOMB,DARK_PULSE><221|46|LEVITATE|SALAC_BERRY|FALSE_SURRENDER,SLUDGE_BOMB,ACID_ARMOR,SHADOW_BALL>
167|BN|100|0|null|<148|47|ILLUMINATION|CHOICE_SPECS|DARK_PULSE,EARTH_POWER,LUSTER_PURGE,MUDDY_WATER><149|45|ILLUMINATION|CHOICE_BAND|EARTHQUAKE,AQUA_JET,PLAY_ROUGH,SUCKER_PUNCH><215|47|ILLUMINATION|EVIOLITE|EARTH_POWER,MUDDY_WATER,SWITCHEROO,PHANTOM_FORCE><216|45|ILLUMINATION|POWER_HERB|UNSEEN_STRANGLE,DARKEST_LARIAT,PHANTOM_FORCE,BREAKING_SWIPE>
168|BO|100|0|null|<12|48|MIRROR_ARMOR|BRIGHT_POWDER|HURRICANE,DAZZLING_GLEAM,ROOST,PRISMATIC_LASER>
169|BP|100|0|null|<74|46|TECHNICIAN|CLEAR_AMULET|U$TURN,NIGHT_SLASH,X$SCISSOR,QUIVER_DANCE><34|46|SHARPNESS|COBA_BERRY|X$SCISSOR,ENTRAINMENT,KNOCK_OFF,LEAF_BLADE>
170|BQ|100|0|null|<58|46|NO_GUARD|CHOICE_SCARF|HI_JUMP_KICK,DRILL_PECK,EARTH_POWER,AIR_SLASH><77|46|MAGIC_BOUNCE|CHILAN_BERRY|ELEMENTAL_SPARKLE,MAGIC_BLAST,CALM_MIND,MAGIC_REFLECT><88|47|SHARPNESS|MUSCLE_BAND|CLOSE_COMBAT,PSYCHO_CUT,KNOCK_OFF,SWORDS_DANCE><140|45|ILLUMINATION|PETAYA_BERRY|RECOVER,CORE_ENFORCER,MOONBLAST,HYDRO_PUMP><145|46|SWIFT_SWIM|ASSAULT_VEST|MAGIC_FANG,SKY_ATTACK,IRON_BLAST,SPARKLE_STRIKE>
171|BR|100|0|null|<165|46|GUTS|BLACK_GLASSES|HAMMER_ARM,SCARY_FACE,DYNAMIC_PUNCH,KNOCK_OFF><225|47|GUTS|ROCKY_HELMET|TAUNT,CIRCLE_THROW,FOUL_PLAY,DRAIN_PUNCH><67|48|ROCK_HEAD|LEFTOVERS|STORM_THROW,BODY_PRESS,MACH_PUNCH,STONE_EDGE>
172|BS1|100|0|null|<56|47|INTIMIDATE|FOCUS_SASH|STEALTH_ROCK,DARK_PULSE,POWER_GEM,MAGIC_FANG><50|46|STURDY|COVERT_CLOAK|FIRE_BLAST,STONE_EDGE,IRON_DEFENSE,ROCK_BLAST>
173|BS2|100|0|null|<93|47|INTIMIDATE|ASSAULT_VEST|FLAMETHROWER,FLASH_CANNON,VOLT_TACKLE,FLARE_BLITZ><51|46|STURDY|CUSTAP_BERRY|FLASH_CANNON,DAZZLING_GLEAM,SHELL_SMASH,GLITTER_DANCE>
174|BT|100|0|null|<167|48|SAND_STREAM|SMOOTH_ROCK|STONE_EDGE,BODY_PRESS,HORN_DRILL,MAGNITUDE><170|46|SAND_FORCE|LIFE_ORB|STONE_EDGE,SPIRIT_BREAK,DRILL_RUN,GLITZY_GLOW><178|47|SERENE_GRACE|QUICK_CLAW|MAGIC_BLAST,CHARM,AIR_SLASH,CHARGE_BEAM><170|47|SAND_FORCE|FOCUS_SASH|STONE_EDGE,SPIRIT_BREAK,DRILL_RUN,GLITZY_GLOW>
175|BU|100|0|null|<37|45|LEVITATE|KASIB_BERRY|DISCHARGE,GUILLOTINE,BUG_BUZZ,SILVER_WIND><21|46|ADAPTABILITY|CHOICE_SCARF|BLIZZARD,GALAXY_BLAST,TRICK,DESOLATE_VOID>
176|BV|100|0|null|<87|46|EMPATHIC_LINK|FOCUS_SASH|DAZZLING_GLEAM,CALM_MIND,GLITZY_GLOW,PSYCHIC><77|45|MAGIC_BOUNCE|FOCUS_BAND|ELEMENTAL_SPARKLE,MAGIC_BLAST,CALM_MIND,MAGIC_REFLECT>
177|BW1|100|0|null|<96|45|FLAME_BODY|GALAXEED_BERRY|WAKE$UP_SLAP,CROSS_POISON,BLAZE_KICK,KNOCK_OFF><43|44|SPEED_BOOST|ASSAULT_VEST|SACRED_SWORD,STAFF_JAB,FIRST_IMPRESSION,X$SCISSOR>
178|BW2|100|0|null|<225|45|GUTS|FLAME_ORB|TAUNT,CIRCLE_THROW,FOUL_PLAY,DRAIN_PUNCH><34|45|SHARPNESS|EXPERT_BELT|X$SCISSOR,ENTRAINMENT,KNOCK_OFF,LEAF_BLADE>
179|BX|100|0|null|<115|46|STATIC|FOCUS_BAND|COTTON_GUARD,SPARK,TWINKLE_TACKLE,ELECTRIC_TERRAIN><124|44|ELECTRIC_SURGE|ASSAULT_VEST|THUNDERBOLT,WHIP_SMASH,THUNDER_PUNCH,PLAY_ROUGH><119|45|SAP_SIPPER|ROCKY_HELMET|AROMATHERAPY,THUNDER,LEAF_STORM,THUNDERBOLT>
180|BY|100|0|null|<157|48|FRIENDLY_GHOST|LEFTOVERS|GYRO_BALL,DREAM_EATER,SHADOW_SNEAK,TRI$ATTACK><25|48|ROUGH_SKIN|ROCKY_HELMET|ROCK_SLIDE,X$SCISSOR,BULLDOZE,SANDSTORM><46|47|SWIFT_SWIM|WISE_GLASSES|HYDRO_PUMP,ZEN_HEADBUTT,RAIN_DANCE,ENERGY_BALL>
181|BZ|100|0|null|<113|48|HUGE_POWER|SHUCA_BERRY|AUTOMOTIZE,MAGNET_RISE,SMART_STRIKE,BULLET_PUNCH><116|48|SPEED_BOOST|AIR_BALLOON|COTTON_GUARD,SKULL_BASH,TWINKLE_TACKLE,ELECTRIC_TERRAIN><122|48|TOUGH_CLAWS|LUM_BERRY|HONE_CLAWS,IRON_BLAST,DOUBLE$EDGE,SPARKLE_STRIKE>
182|CA|100|0|null|<180|46|ADAPTABILITY|LIFE_ORB|KNOCK_OFF,BITTER_MALICE,SPIRIT_BREAK,SHADOW_BALL><180|47|ADAPTABILITY|FOCUS_BAND|KNOCK_OFF,BITTER_MALICE,SPIRIT_BREAK,SHADOW_BALL><180|48|ADAPTABILITY|ROSELI_BERRY|KNOCK_OFF,BITTER_MALICE,SPIRIT_BREAK,SHADOW_BALL>
183|GTN1|100|0|null|<147|49|TOUGH_CLAWS|CHOICE_BAND|CROSS_CHOP,NIGHT_SLASH,ROCK_SLIDE,LIQUIDATION><96|48|FLAME_BODY|CHOICE_BAND|WAKE$UP_SLAP,CROSS_POISON,BLAZE_KICK,KNOCK_OFF><31|49|TECHNICIAN|SITRUS_BERRY|WEATHER_BALL,GRASSY_TERRAIN,SLUDGE_BOMB,MAGICAL_LEAF>
184|GTN2|100|0|null|<165|49|GUTS|ASSAULT_VEST|HAMMER_ARM,STONE_EDGE,DYNAMIC_PUNCH,KNOCK_OFF><207|48|STURDY|AIR_BALLOON|ROCK_SLIDE,IRON_DEFENSE,ROCK_BLAST,THUNDERBOLT><208|48|CLEAR_BODY|WHITE_HERB|GLITTER_DANCE,REFLECT,SHELL_SMASH,THUNDERBOLT>
185|Scott 3|400|15|null|<77|47|MAGIC_BOUNCE|QUICK_CLAW|MAGIC_REFLECT,PSYCHIC,MAGIC_TOMB,CALM_MIND><130|47|SPEED_BOOST|FOCUS_SASH|SWORDS_DANCE,LEECH_LIFE,ACROBATICS,POISON_JAB><3|47|ROUGH_SKIN|LIFE_ORB|ROCKFALL_FRENZY,EARTHQUAKE,POWER_GEM,DRAGON_TAIL><6|47|DRY_SKIN|LIFE_ORB|HEAT_CRASH,EARTH_POWER,FIRE_BLAST,HEAVY_SLAM><9|47|PROTEAN|LIFE_ORB|CHANNELING_BLOW,LIQUIDATION,HAMMER_ARM,DRAGON_RUSH><37|46|LEVITATE|MAGNET|VOLT_SWITCH,GUILLOTINE,BUG_BUZZ,STICKY_WEB><167|48|SAND_STREAM|LEFTOVERS|STONE_EDGE,BODY_PRESS,HORN_DRILL,MAGNITUDE>
186|5 Gym A|200|0|null|<83|49|PSYCHIC_SURGE|QUICK_CLAW|ZEN_HEADBUTT,SMART_STRIKE,MIST_BALL,BULLET_PUNCH><83|49|PSYCHIC_SURGE|GANLON_BERRY|ZEN_HEADBUTT,SMART_STRIKE,MIST_BALL,BULLET_PUNCH><83|50|PSYCHIC_SURGE|FOCUS_BAND|SKULL_BASH,SMART_STRIKE,MIST_BALL,BULLET_PUNCH>
187|5 Gym B|200|0|null|<77|49|MAGIC_BOUNCE|COLBUR_BERRY|ELEMENTAL_SPARKLE,SPARKLING_TERRAIN,CALM_MIND,MAGIC_REFLECT>
188|5 Gym C|200|0|null|<53|48|SYNCHRONIZE|CLEAR_AMULET|CURSE,SKULL_BASH,IRON_TAIL,PSYCHIC_FANGS><54|49|PSYCHIC_SURGE|LUM_BERRY|PSYCHIC_FANGS,SKULL_BASH,IRON_TAIL,PSYCHIC_TERRAIN>
189|5 Gym D|200|0|null|<87|49|EMPATHIC_LINK|FOCUS_SASH|MOONBLAST,CALM_MIND,GLITZY_GLOW,PSYCHIC><88|49|SHARPNESS|QUICK_CLAW|CLOSE_COMBAT,PSYCHO_CUT,KNOCK_OFF,SACRED_SWORD>
190|5 Gym E|200|0|null|<60|49|SNOW_CLOAK|LIFE_ORB|BLIZZARD,ICE_BEAM,PSYCHIC,TRICK><60|50|SNOW_CLOAK|CHOICE_SCARF|BLIZZARD,AURORA_VEIL,PSYCHIC,TRICK>
191|5 Gym F|200|0|null|<79|49|WATER_VEIL|BLUNDER_POLICY|HYDRO_PUMP,PSYCHIC,MAGIC_TOMB,LIGHT_SCREEN><53|50|SYNCHRONIZE|QUICK_CLAW|CURSE,SKULL_BASH,IRON_TAIL,EARTHQUAKE>
192|5 Gym G|200|0|null|<91|50|CONTRARY|WIKI_BERRY|TOPSY$TURVY,SUPERPOWER,GRAVITY,FOUL_PLAY>
193|5 Gym H|200|0|null|<81|49|GRASSY_SURGE|TERRAIN_EXTENDER|REFLECT,GRASS_WHISTLE,LEAF_STORM,PSYCHIC><91|49|CONTRARY|TANGA_BERRY|TOPSY$TURVY,SUPERPOWER,THROAT_CHOP,FOUL_PLAY>
194|5 Gym Leader 1|500|17|TM11|<91|51|BRAINWASH|LIGHT_CLAY|LIGHT_SCREEN,REFLECT,PSYCHO_CUT,KNOCK_OFF><88|51|SHARPNESS|LIFE_ORB|PSYCHO_CUT,SWORDS_DANCE,PLAY_ROUGH,CLOSE_COMBAT><81|51|GRASSY_SURGE|LEFTOVERS|LEECH_SEED,PSYSHOCK,ENERGY_BALL,DETECT><79|51|WATER_VEIL|BLUNDER_POLICY|HYDRO_PUMP,CONFUSE_RAY,PSYSHOCK,FOCUS_BLAST><77|51|MAGIC_BOUNCE|COLBUR_BERRY|ELEMENTAL_SPARKLE,MAGIC_REFLECT,TRICK_ROOM,PSYSHOCK><84|52|LEVITATE|WIKI_BERRY|BULLET_PUNCH,IRON_DEFENSE,ZEN_HEADBUTT,COMET_CRASH>
195|DA|200|0|null|<33|45|SWARM|WIDE_LENS|PROTECT,GRASS_WHISTLE,STRUGGLE_BUG,RAZOR_LEAF><34|44|SHARPNESS|EXPERT_BELT|X$SCISSOR,ENTRAINMENT,CROSS_POISON,LEAF_BLADE><34|45|SHARPNESS|POISON_BARB|X$SCISSOR,ENTRAINMENT,KNOCK_OFF,LEAF_BLADE>
196|DB|100|0|null|<36|46|STATIC|ROCKY_HELMET|CRUNCH,STICKY_WEB,ELECTROWEB,X$SCISSOR><37|45|LEVITATE|SALAC_BERRY|DISCHARGE,GUILLOTINE,BUG_BUZZ,SILVER_WIND>
197|DC|100|0|null|<24|46|POISON_HEAL|TOXIC_ORB|ENDEAVOR,FELL_STINGER,TOXIC_SPIKES,POISON_JAB>
198|DD|100|0|null|<25|46|ROUGH_SKIN|HARD_STONE|ROCK_SLIDE,X$SCISSOR,BULLDOZE,SANDSTORM>
199|DE|100|0|null|<43|46|SPEED_BOOST|FOCUS_BAND|SACRED_SWORD,STAFF_JAB,FIRST_IMPRESSION,DETECT>
200|DF|100|0|null|<30|46|POISON_POINT|EVIOLITE|TOXIC,AROMATHERAPY,SYNTHESIS,SLUDGE_BOMB><31|45|TECHNICIAN|BRIGHT_POWDER|WEATHER_BALL,GRASSY_TERRAIN,SLUDGE_BOMB,MAGICAL_LEAF>
201|DG|100|0|null|<39|45|MOXIE|BIG_ROOT|DOUBLE$EDGE,COTTON_GUARD,POWER_WHIP,HORN_LEECH><40|45|SERENE_GRACE|LEFTOVERS|GLITZY_GLOW,GIGA_DRAIN,COTTON_GUARD,ENERGY_BALL>
202|CY|100|0|null|<24|43|POISON_HEAL|ROCKY_HELMET|ENDEAVOR,IRON_TAIL,TOXIC_SPIKES,POISON_JAB><25|43|ROUGH_SKIN|LIFE_ORB|ROCK_SLIDE,X$SCISSOR,ROCK_POLISH,STEALTH_ROCK>
203|CZ|100|0|null|<33|45|SWARM|WIDE_LENS|PROTECT,GRASS_WHISTLE,STRUGGLE_BUG,RAZOR_LEAF><36|46|STATIC|SCOPE_LENS|CRUNCH,STICKY_WEB,ELECTROWEB,X$SCISSOR><33|46|SWARM|OCCA_BERRY|PROTECT,GRASS_WHISTLE,STRUGGLE_BUG,RAZOR_LEAF><34|44|SHARPNESS|FOCUS_SASH|X$SCISSOR,ENTRAINMENT,CROSS_POISON,LEAF_BLADE><37|44|LEVITATE|WISE_GLASSES|DISCHARGE,GUILLOTINE,BUG_BUZZ,SILVER_WIND>
204|TN B1|100|0|null|<173|50|SAND_VEIL|SITRUS_BERRY|SPIKES,EARTHQUAKE,IRON_HEAD,FISSURE><225|50|GUTS|FLAME_ORB|CROSS_POISON,CIRCLE_THROW,FOUL_PLAY,WAKE$UP_SLAP>
205|TN B2|100|0|null|<219|50|ADAPTABILITY|FOCUS_BAND|EARTHQUAKE,FISSURE,SANDSTORM,EARTH_POWER><96|50|FLAME_BODY|BLACK_GLASSES|WAKE$UP_SLAP,CROSS_POISON,CLOSE_COMBAT,KNOCK_OFF>
206|TN B3|100|0|null|<74|51|TECHNICIAN|CHOICE_BAND|EXTREME_SPEED,NIGHT_SLASH,X$SCISSOR,NIGHT_DAZE><180|51|ADAPTABILITY|SPELL_TAG|KNOCK_OFF,BITTER_MALICE,SPIRIT_BREAK,SHADOW_BALL>
207|TN B4|100|0|null|<91|51|CONTRARY|LEFTOVERS|TOPSY$TURVY,SUPERPOWER,GRAVITY,FOUL_PLAY><105|51|SOLAR_POWER|SALAC_BERRY|FLAMETHROWER,FOUL_PLAY,SUNNY_DOOM,NASTY_PLOT>
208|TN B5|100|0|null|<142|52|AMBUSH|POWER_HERB|DARKEST_LARIAT,KNOCK_OFF,ACROBATICS,SKY_ATTACK><147|52|TOUGH_CLAWS|BLUNDER_POLICY|CROSS_CHOP,SWORDS_DANCE,ROCK_SLIDE,LIQUIDATION>
209|TN B6|100|0|null|<138|52|INTIMIDATE|ROCKY_HELMET|DRAGON_TAIL,THRASH,WATERFALL,BOUNCE><149|52|ILLUMINATION|LIFE_ORB|EARTHQUAKE,DARKEST_LARIAT,WAVE_CRASH,SUCKER_PUNCH>
210|TN B7|100|0|null|<152|53|INTIMIDATE|BLACK_SLUDGE|SUCKER_PUNCH,VENOM_SPIT,HAZE,COIL><165|53|GUTS|FLAME_ORB|HAMMER_ARM,STONE_EDGE,DYNAMIC_PUNCH,KNOCK_OFF>
211|TN B8|100|0|null|<155|53|STRONG_JAW|BLACK_SLUDGE|FLY,CROSS_POISON,HAZE,VENOSHOCK><227|53|SHED_SKIN|ASSAULT_VEST|SHADOW_BALL,VENOM_SPIT,BITTER_MALICE,HURRICANE>
212|TN B9|100|0|null|<168|54|SAND_STREAM|ASSAULT_VEST|STONE_EDGE,BODY_PRESS,ENDEAVOR,MAGNITUDE><67|54|ROCK_HEAD|ROCKY_HELMET|SUPERPOWER,BODY_PRESS,MACH_PUNCH,STONE_EDGE>
213|TN B10|100|0|null|<65|54|GUTS|CHOICE_BAND|ICE_PUNCH,SUBMISSION,CLOSE_COMBAT,ICE_SPINNER><201|54|SNIPER|LIFE_ORB|SHIFT_GEAR,CLOSE_COMBAT,SUCKER_PUNCH,VOLT_TACKLE>
214|TN B11|100|0|null|<207|55|STURDY|AIR_BALLOON|ROCK_SLIDE,IRON_DEFENSE,POWER_GEM,AURA_SPHERE><210|55|VOLT_VORTEX|CHOICE_SCARF|BOUNCE,VOLT_TACKLE,COMET_CRASH,WATERFALL>
215|TN B12|100|0|null|<208|55|CLEAR_BODY|WHITE_HERB|COMET_CRASH,REFLECT,SHELL_SMASH,PRISMATIC_LASER><198|55|FRIENDLY_GHOST|CHOICE_SCARF|THUNDER,ELECTRO_BALL,SHADOW_BALL,VOLT_SWITCH>
216|Fred 3|400|0|null|<100|56|LEVITATE|MYSTICOLA_BERRY|IRON_BLAST,DRAGON_PULSE,FLAMETHROWER,HURRICANE><210|56|VOLT_VORTEX|RINDO_BERRY|BOUNCE,VOLT_TACKLE,COMET_CRASH,WATERFALL><219|57|ADAPTABILITY|BLACK_GLASSES|SUCKER_PUNCH,BREAKING_SWIPE,EARTHQUAKE,SWORDS_DANCE><3|57|ROUGH_SKIN|EXPERT_BELT|SPIKY_SHIELD,DRAGON_TAIL,LEAF_STORM,EARTH_POWER><6|57|DRY_SKIN|EXPERT_BELT|HEAT_CRASH,EARTH_POWER,AURA_SPHERE,STEEL_BEAM><9|57|PROTEAN|EXPERT_BELT|HAMMER_ARM,DRAGON_RUSH,BULK_UP,CLOSE_COMBAT><196|56|GRAVITATION|SITRUS_BERRY|COSMIC_POWER,STONE_EDGE,METEOR_MASH,COMET_CRASH><79|58|WATER_VEIL|WEAKNESS_POLICY|BLIZZARD,LIGHT_SCREEN,HYDRO_PUMP,PSYCHIC>
217|Maxwell 1|400|20|null|<183|58|SNIPER|SCOPE_LENS|LOAD_FIREARMS,PISTOL_POP,FLAMETHROWER,ICE_BEAM><222|58|LEVITATE|BLACK_SLUDGE|TOXIC,CURSE,SLUDGE_WAVE,FALSE_SURRENDER><216|58|ILLUMINATION|FOCUS_SASH|PHANTOM_FORCE,SUCKER_PUNCH,BREAKING_SWIPE,UNSEEN_STRANGLE><214|59|MOXIE|LEFTOVERS|NIGHT_SLASH,FATAL_BIND,OBSTRUCT,DRAGON_CLAW><192|60|SNIPER|COBA_BERRY|DRAIN_PUNCH,STAR$STRUCK_ARROW,CLOSE_COMBAT,METEOR_MASH><186|60|SPARKLY_SURGE|ENCHANTED_AMULET|MAGIC_TOMB,COMET_CRASH,MOONLIGHT,EARTHQUAKE>
218|CB|100|0|null|<27|52|ANGER_POINT|ASSAULT_VEST|POWER_WHIP,THUNDER_PUNCH,ICE_PUNCH,EARTHQUAKE><28|51|COMPETITIVE|DRAGON_FANG|SYNTHESIS,DRACO_METEOR,PETAL_DANCE,FLAMETHROWER>
219|CC|100|0|null|<101|80|SOLID_ROCK|WEAKNESS_POLICY|ROCK_THROW,INCINERATE,ROCK_POLISH,SCREECH><102|60|SOLID_ROCK|LOADED_DICE|ROCK_BLAST,LAVA_PLUME,PROTECT,BURN_UP><103|52|SOLID_ROCK|PASSHO_BERRY|MOLTEN_CONSUME,OVERHEAT,EARTH_POWER,LAVA_LAIR><143|60|REGENERATOR|POWER_HERB|ELEMENTAL_SPARKLE,DRAGON_PULSE,MAGIC_CRASH,VANISHING_ACT><143|60|REGENERATOR|QUICK_CLAW|ELEMENTAL_SPARKLE,DRAGON_PULSE,MAGIC_CRASH,VANISHING_ACT><145|52|SWIFT_SWIM|POWER_HERB|MAGIC_FANG,DRAGON_DARTS,IRON_BLAST,SPARKLE_STRIKE>
220|CD|100|0|null|<209|100|SWIFT_SWIM|CHOICE_BAND|SPARK,TACKLE,BOLT_STRIKE,><119|53|SAP_SIPPER|WIKI_BERRY|AROMATHERAPY,THUNDER,LEAF_STORM,NASTY_PLOT>
221|CE|100|0|null|<125|52|ELECTRIC_SURGE|ASSAULT_VEST|SPARKLE_STRIKE,ELECTRO_BALL,THUNDER_PUNCH,THUNDER><128|52|ADAPTABILITY|CLEAR_AMULET|SPARKLE_STRIKE,VACUUM_WAVE,SUPERPOWER,CALM_MIND><122|52|TOUGH_CLAWS|LUM_BERRY|HONE_CLAWS,HEAVY_SLAM,DOUBLE$EDGE,SPARKLE_STRIKE>
222|CF|100|0|null|<133|53|SWIFT_SWIM|WHITE_HERB|FOCUS_BLAST,SHELL_SMASH,LIQUIDATION,AEROBLAST><131|57|WONDER_GUARD|FOCUS_SASH|SWORDS_DANCE,FURY_SWIPES,LEECH_LIFE,PHANTOM_FORCE>
223|CG|100|0|null|<150|53|WATER_VEIL|BRIGHT_POWDER|WATER_KICK,WATER_SMACK,SEA_DRAGON,WATER_CLAP><136|53|DRIZZLE|COVERT_CLOAK|WAVE_CRASH,WHIRLPOOL,HURRICANE,DRAGON_DANCE><147|53|TOUGH_CLAWS|MUSCLE_BAND|CROSS_CHOP,SWORDS_DANCE,ROCK_SLIDE,LIQUIDATION>
224*|Grust 1|0|0|null|<159|65|ADAPTABILITY|null|TAKE_OVER,DESTINY_BOND,SHADOW_BALL,NIGHTMARE>
225*|Grust 2|0|0|null|<159|65|ADAPTABILITY|null|TAKE_OVER,DESTINY_BOND,SHADOW_BALL,NIGHTMARE>
226*|Grust 3|0|0|null|<159|65|ADAPTABILITY|null|TAKE_OVER,DESTINY_BOND,SHADOW_BALL,NIGHTMARE>
227*|Grust 4|0|0|null|<159|65|ADAPTABILITY|null|TAKE_OVER,DESTINY_BOND,SHADOW_BALL,NIGHTMARE>
228*|Grust 5|0|0|null|<159|65|ANGER_POINT|null|TAKE_OVER,DESTINY_BOND,SHADOW_BALL,NIGHTMARE>
229*|Grust 6|0|0|null|<159|65|ANGER_POINT|null|TAKE_OVER,DESTINY_BOND,SHADOW_BALL,NIGHTMARE>
230*|Grust 7|0|0|null|<159|65|ANGER_POINT|null|TAKE_OVER,DESTINY_BOND,SHADOW_BALL,NIGHTMARE>
231*|Grust 8|0|0|null|<159|65|ADAPTABILITY|null|TAKE_OVER,DESTINY_BOND,SHADOW_BALL,NIGHTMARE>
232*|Grust 9|0|0|null|<159|65|ADAPTABILITY|null|TAKE_OVER,DESTINY_BOND,SHADOW_BALL,NIGHTMARE>
233*|Grust 10|0|0|null|<159|65|ANGER_POINT|null|TAKE_OVER,DESTINY_BOND,SHADOW_BALL,NIGHTMARE>
234|Rick 2|400|19|null|<67|55|ROCK_HEAD|LUM_BERRY|HEAD_SMASH,PLASMA_FISTS,SUPERPOWER,STEALTH_ROCK><162|54|LEVITATE|SITRUS_BERRY|STONE_EDGE,TOXIC,PHANTOM_FORCE,PROTECT><113|54|HUGE_POWER|SHUCA_BERRY|BULLET_PUNCH,U$TURN,VOLT_TACKLE,EARTHQUAKE><46|55|RAIN_DISH|KEBIA_BERRY|SCALD,GIGA_DRAIN,RAIN_DANCE,ICE_BEAM><74|55|TECHNICIAN|CLEAR_AMULET|FEINT_ATTACK,BUG_BITE,EXTREME_SPEED,AERIAL_ACE><122|56|TOUGH_CLAWS|ENCHANTED_AMULET|SPIKY_SHIELD,IRON_HEAD,MAGIC_CRASH,SPARKLE_STRIKE>
235|CH|100|0|null|<51|54|STURDY|RINDO_BERRY|FLASH_CANNON,PLAY_ROUGH,REFLECT,GLITTER_DANCE><97|55|STEELWORKER|AIR_BALLOON|SHADOW_BALL,SWITCHEROO,FIRE_BLAST,EXPLOSION><18|54|ROUGH_SKIN|ASSAULT_VEST|SUPER_FANG,HEAD_SMASH,ZEN_HEADBUTT,ROCK_SLIDE><54|54|PSYCHIC_SURGE|CHOICE_SCARF|PSYCHIC_FANGS,SKULL_BASH,IRON_TAIL,PSYCHIC_TERRAIN>
236|CI|100|0|null|<93|55|INTIMIDATE|LIFE_ORB|DOUBLE$EDGE,AGILITY,VOLT_TACKLE,FLARE_BLITZ><88|54|SHARPNESS|LIFE_ORB|CLOSE_COMBAT,PSYCHO_CUT,KNOCK_OFF,SACRED_SWORD><107|55|SLEIGHT_OF_HAND|LIFE_ORB|SPARKLING_TERRAIN,FIRE_BLAST,MAGIC_TOMB,MAGIC_REFLECT>
237|CJ|100|0|null|<31|55|TECHNICIAN|SITRUS_BERRY|WEATHER_BALL,GRASSY_TERRAIN,SLUDGE_BOMB,MAGICAL_LEAF><155|55|STRONG_JAW|POWER_HERB|FLY,LEECH_LIFE,HAZE,VENOSHOCK><160|57|LEVITATE|BRIGHT_POWDER|TOXIC_SPIKES,SLUDGE_BOMB,SHADOW_BALL,MINIMIZE>
238|CK|100|0|null|<170|54|SAND_FORCE|LIFE_ORB|STONE_EDGE,SPIRIT_BREAK,EARTHQUAKE,PHOTON_GEYSER><173|55|SAND_VEIL|CLEAR_AMULET|DRAGON_PULSE,EARTHQUAKE,IRON_HEAD,FISSURE>
239|CL|100|0|null|<208|56|CLEAR_BODY|AIR_BALLOON|COMET_CRASH,REFLECT,SHELL_SMASH,PRISMATIC_LASER>
240|CM|100|0|null|<105|55|SOLAR_POWER|FOCUS_SASH|HEAT_WAVE,FOUL_PLAY,SUNNY_DOOM,NASTY_PLOT><107|56|SLEIGHT_OF_HAND|KEBIA_BERRY|SPARKLING_TERRAIN,FIRE_BLAST,MAGIC_TOMB,MAGIC_REFLECT><6|56|BLAZE|SHUCA_BERRY|HEAT_CRASH,EARTH_POWER,AURA_SPHERE,STEEL_BEAM>
241|CN|100|0|null|<157|56|FRIENDLY_GHOST|ROCKY_HELMET|GYRO_BALL,DESTINY_BOND,SPECTRAL_THIEF,TRI$ATTACK><180|57|ADAPTABILITY|FOCUS_SASH|KNOCK_OFF,BITTER_MALICE,HYPER_VOICE,SHADOW_BALL><214|57|MOXIE|LEFTOVERS|NIGHT_SLASH,FATAL_BIND,OBSTRUCT,DRAGON_CLAW>
242|Scott 4|400|21|null|<77|59|MAGIC_BOUNCE|CHILAN_BERRY|MAGIC_TOMB,NUZZLE,REFLECT,LIGHT_SCREEN><130|60|SPEED_BOOST|FOCUS_SASH|SWORDS_DANCE,LEECH_LIFE,BATON_PASS,PROTECT><189|58|MULTISCALE|CHESTO_BERRY|PRISMATIC_LASER,DRAGON_PULSE,THUNDERBOLT,REST><3|60|ROUGH_SKIN|LIFE_ORB|DRAGON_TAIL,LEAF_STORM,EARTH_POWER,SPIKY_SHIELD><6|60|DRY_SKIN|LIFE_ORB|FLARE_BLITZ,EARTH_POWER,AURA_SPHERE,STEEL_BEAM><9|60|PROTEAN|LIFE_ORB|DRAGON_RUSH,BULK_UP,CLOSE_COMBAT,DOUBLE$EDGE><37|59|LEVITATE|MAGNET|PHOTON_GEYSER,BUG_BUZZ,VOLT_SWITCH,STICKY_WEB><168|61|SAND_STREAM|LEFTOVERS|EARTHQUAKE,SPIKES,SMACK_DOWN,BODY_PRESS>
243|CO|100|0|null|<113|57|HUGE_POWER|FOCUS_BAND|AUTOMOTIZE,HEAVY_SLAM,SUPERPOWER,BULLET_PUNCH><119|58|SAP_SIPPER|QUICK_CLAW|AROMATHERAPY,THUNDER,LEAF_STORM,NASTY_PLOT><116|57|SPEED_BOOST|LIECHI_BERRY|COTTON_GUARD,SKULL_BASH,EXTREME_SPEED,VOLT_TACKLE><201|57|SNIPER|MUSCLE_BAND|SHIFT_GEAR,CLOSE_COMBAT,METEOR_ASSAULT,VOLT_TACKLE><125|57|ELECTRIC_SURGE|ENCHANTED_AMULET|SPARKLE_STRIKE,ELECTRO_BALL,MAGIC_CRASH,THUNDER>
244|CP|100|0|null|<165|58|GUTS|FLAME_ORB|HAMMER_ARM,STONE_EDGE,SUPERPOWER,KNOCK_OFF><128|58|ADAPTABILITY|CLEAR_AMULET|SPARKLE_STRIKE,VACUUM_WAVE,MAGIC_TOMB,CALM_MIND><191|58|SHIELD_DUST|EVIOLITE|BULK_UP,DESOLATE_VOID,AURA_SPHERE,METEOR_MASH>
245|CQ|100|0|null|<100|58|LEVITATE|CUSTAP_BERRY|IRON_TAIL,DRAGON_RUSH,FLAMETHROWER,DRAGON_PULSE><189|58|MULTISCALE|HEAVY$DUTY_BOOTS|DRAGON_PULSE,DRAGON_RUSH,HYDRO_PUMP,PRISMATIC_LASER><28|58|COMPETITIVE|WHITE_HERB|SYNTHESIS,DRACO_METEOR,PETAL_DANCE,FLAMETHROWER>
246|6 Gym A|200|0|null|<51|59|STURDY|BRIGHT_POWDER|FLASH_CANNON,PLAY_ROUGH,REFLECT,DIAMOND_STORM><51|60|STURDY|WHITE_HERB|GLITTERING_SWORD,PLAY_ROUGH,REFLECT,DIAMOND_STORM><51|60|STURDY|RINDO_BERRY|GLITTERING_SWORD,PLAY_ROUGH,REFLECT,DIAMOND_STORM>
247|6 Gym B|200|0|null|<208|61|CLEAR_BODY|AIR_BALLOON|COMET_CRASH,OVERHEAT,SHELL_SMASH,PRISMATIC_LASER>
248|6 Gym C|200|0|null|<124|60|ELECTRIC_SURGE|FOCUS_SASH|THUNDERBOLT,ELECTRO_BALL,VOLT_TACKLE,PLASMA_FISTS><127|60|GUTS|FLAME_ORB|ICE_PUNCH,TWINKLE_TACKLE,SKY_UPPERCUT,HAMMER_ARM><121|60|TOUGH_CLAWS|MUSCLE_BAND|IRON_HEAD,HONE_CLAWS,TWINKLE_TACKLE,BULLET_PUNCH>
249|6 Gym D|200|0|null|<87|61|EMPATHIC_LINK|FOCUS_SASH|MOONBLAST,GLITTER_DANCE,BLACK_HOLE_ECLIPSE,PSYCHIC>
250|6 Gym E|200|0|null|<12|59|MIRROR_ARMOR|SHARP_BEAK|HURRICANE,SUNNY_DAY,MORNING_SUN,SUNNY_DOOM><12|60|MIRROR_ARMOR|GLOWING_PRISM|AEROBLAST,SUNNY_DAY,MORNING_SUN,SUNNY_DOOM>
251|6 Gym F|200|0|null|<47|61|MAGIC_GUARD|FOCUS_SASH|GLITTER_DANCE,VANISHING_ACT,PRISMATIC_LASER,MAGIC_TOMB><72|60|TORRENT|RINDO_BERRY|HURRICANE,BLIZZARD,MOONBLAST,SHEER_COLD>
252|6 Gym G|200|0|null|<89|61|SIMPLE|SALAC_BERRY|HYPER_BEAM,THUNDER,TRI$ATTACK,MINIMIZE><170|60|SAND_FORCE|LIFE_ORB|PLAY_ROUGH,PLASMA_FISTS,EARTHQUAKE,PHOTON_GEYSER>
253|6 Gym H|200|0|null|<40|60|SERENE_GRACE|WHITE_HERB|EARTH_POWER,LEAF_STORM,PHOTON_GEYSER,EXTRASENSORY><110|60|COMPETITIVE|WHITE_HERB|EARTH_POWER,GLITTER_DANCE,MOONBLAST,OVERHEAT>
254|6 Gym I|200|0|null|<176|61|MAGIC_GUARD|LEFTOVERS|COSMIC_POWER,MOONBLAST,SPACIAL_REND,RADIO_BURST><189|60|MULTISCALE|ASSAULT_VEST|SPACIAL_REND,DRAGON_RUSH,HYDRO_PUMP,PRISMATIC_LASER>
255|6 Gym Leader 1|500|0|TM97|<87|62|EMPATHIC_LINK|FOCUS_SASH|PSYCHIC,MOONBLAST,GLITTER_DANCE,WILL$O$WISP><110|62|COMPETITIVE|WHITE_HERB|EARTH_POWER,GLITTER_DANCE,MOONBLAST,OVERHEAT><170|62|TOUGH_CLAWS|EXPERT_BELT|SPIRIT_BREAK,DRILL_RUN,SWORDS_DANCE,ICE_SPINNER><12|62|MIRROR_ARMOR|HEAVY$DUTY_BOOTS|MORNING_SUN,AEROBLAST,PRISMATIC_LASER,DEFOG><40|62|SERENE_GRACE|TANGA_BERRY|ENERGY_BALL,CHARGE_BEAM,THUNDER_WAVE,ICE_BEAM><208|63|CLEAR_BODY|WHITE_HERB|GLITTERING_SWORD,ZING_ZAP,SHELL_SMASH,OVERHEAT>
256|Exp. Trainer|100|0|null|<137|50|SWIFT_SWIM|TOXIC_ORB|SPLASH,,,><137|50|SWIFT_SWIM|TOXIC_ORB|SPLASH,,,><137|50|SWIFT_SWIM|TOXIC_ORB|SPLASH,,,><137|50|SWIFT_SWIM|TOXIC_ORB|SPLASH,,,><137|50|SWIFT_SWIM|TOXIC_ORB|SPLASH,,,><137|50|SWIFT_SWIM|TOXIC_ORB|SPLASH,,,>
257|BP1|100|0|null|<17|48|MOUTHWATER|CHOPLE_BERRY|TAKE_DOWN,ZEN_HEADBUTT,ROLLOUT,CRUNCH><21|47|ADAPTABILITY|LIFE_ORB|BLIZZARD,GALAXY_BLAST,TRICK,DESOLATE_VOID><93|48|INTIMIDATE|EXPERT_BELT|FLAMETHROWER,FLASH_CANNON,VOLT_TACKLE,FLARE_BLITZ><89|48|SIMPLE|STARF_BERRY|PLAY_ROUGH,GLITZY_GLOW,VOLT_TACKLE,MINIMIZE><161|47|LEVITATE|SPELL_TAG|SHADOW_BALL,ROCK_SLIDE,SHADOW_SNEAK,SMART_STRIKE><188|48|MULTISCALE|WIKI_BERRY|DRAGON_TAIL,GLITZY_GLOW,SCALE_SHOT,DRAGON_PULSE>
258|TN 9|100|0|null|<153|12|STRONG_JAW|GANLON_BERRY|ABSORB,TOXIC,HIDDEN_POWER_FLYING,MEAN_LOOK><160|11|LEVITATE|CHERI_BERRY|SMOKESCREEN,SMOG,POISON_GAS,ACID>
259|B A|100|0|null|<16|14|MOUTHWATER|null|HEADBUTT,GROWL,LEER,DOUBLE_SLAP>
260|B B|100|0|null|<30|14|POISON_POINT|null|EXTRASENSORY,SLEEP_POWDER,WATER_SPORT,POISON_STING>
261|B C|100|0|null|<57|14|NO_GUARD|null|MUD_BOMB,DOUBLE_KICK,MUD$SLAP,HEADBUTT>
262|B D|100|0|null|<114|14|STATIC|null|MUD$SLAP,MUD_BOMB,GROWL,BABY$DOLL_EYES>
263|B E|100|0|null|<174|13|MAGIC_GUARD|ORAN_BERRY|FLASH_RAY,ENCORE,LOVELY_KISS,SWEET_KISS><254|11|RADIANT|CHARCOAL|GLITTERING_TORNADO,CHARM,HARDEN,HIDDEN_POWER_FIRE><71|11|TORRENT|CHESTO_BERRY|COVET,MAGIC_REFLECT,FLASH,POWDER_SNOW>
264|YA|100|0|null|<92|8|INTIMIDATE|SILK_SCARF|EMBER,TACKLE,GROWL,BABY$DOLL_EYES><101|9|SOLID_ROCK|PASSHO_BERRY|TACKLE,HARDEN,WILL$O$WISP,EMBER>
265|YB|100|0|null|<184|8|SPARKLY_SURGE|CHILAN_BERRY|MAGIC_POWDER,SHOOTING_STARS,SWIFT,><190|9|SHIELD_DUST|COBA_BERRY|COSMIC_POWER,SPLASH,SPACE_BEAM,VACUUM_WAVE>
266|B F|100|0|null|<47|21|MAGIC_GUARD|CHILAN_BERRY|FLASH_RAY,MAGICAL_LEAF,DRAINING_KISS,MAGIC_REFLECT>
267|MS E|100|0|null|<193|31|SNOW_WARNING|ROSELI_BERRY|FREEZE$DRY,ICE_BALL,COSMIC_POWER,SPACE_BEAM><64|31|STURDY|SITRUS_BERRY|MAGNITUDE,HAZE,EARTHQUAKE,ICE_FANG>
268|MS F|100|0|null|<60|30|SNOW_CLOAK|ICY_ROCK|PSYBEAM,SCARY_FACE,SNOWSCAPE,NIGHT_SHADE><72|31|TORRENT|POWER_HERB|ICE_SHARD,AQUA_JET,BOUNCE,LIGHT_BEAM>
269|B G|100|0|null|<190|31|SHIELD_DUST|CHARTI_BERRY|RADIO_BURST,MIST_BALL,TOPSY$TURVY,VACUUM_WAVE><195|30|GRAVITATION|COVERT_CLOAK|GRAVITY,SANDSTORM,DESOLATE_VOID,SMACK_DOWN>
270|SCT A|100|0|null|<155|47|STRONG_JAW|BLACK_SLUDGE|CONFUSE_RAY,CROSS_POISON,HAZE,CRUNCH><142|48|AMBUSH|POWER_HERB|DARKEST_LARIAT,KNOCK_OFF,THROAT_CHOP,SKY_ATTACK><191|49|SHIELD_DUST|EVIOLITE|BULK_UP,DESOLATE_VOID,TOPSY$TURVY,COMET_PUNCH><157|48|FRIENDLY_GHOST|OCCA_BERRY|GYRO_BALL,DREAM_EATER,SHADOW_SNEAK,TRI$ATTACK><150|49|WATER_VEIL|SITRUS_BERRY|WATER_FLICK,WATER_SMACK,SEA_DRAGON,WATER_CLAP><131|49|WONDER_GUARD|FOCUS_BAND|SHADOW_SNEAK,FURY_SWIPES,LEECH_LIFE,THIEF>
271|SCT B|100|0|null|<109|48|DROUGHT|HEAT_ROCK|DRILL_RUN,SWORDS_DANCE,FIRE_FANG,HEAT_CRASH><105|49|SOLAR_POWER|WISE_GLASSES|FLAMETHROWER,FOUL_PLAY,SUNNY_DOOM,DARK_PULSE><152|50|INTIMIDATE|BLACK_SLUDGE|SUCKER_PUNCH,VENOM_SPIT,HAZE,COIL><203|48|LEVITATE|CHOICE_SCARF|AIR_SLASH,DRAGON_PULSE,WING_ATTACK,FLAMETHROWER><176|50|MAGIC_GUARD|LEFTOVERS|COSMIC_POWER,MOONBLAST,SPACIAL_REND,RADIO_BURST><103|50|SOLID_ROCK|WHITE_HERB|MOLTEN_CONSUME,OVERHEAT,EARTH_POWER,INFERNO>
272|SCT C|100|0|null|<173|49|SAND_VEIL|WIKI_BERRY|SPIKES,EARTHQUAKE,IRON_HEAD,FISSURE><178|49|SERENE_GRACE|LEFTOVERS|MAGIC_BLAST,CHARM,AIR_SLASH,CHARGE_BEAM><168|50|SAND_STREAM|SITRUS_BERRY|STONE_EDGE,BODY_PRESS,ENDEAVOR,MAGNITUDE><170|49|SAND_FORCE|ASSAULT_VEST|STONE_EDGE,SPIRIT_BREAK,EARTHQUAKE,GLITZY_GLOW><216|49|ILLUMINATION|BLACK_GLASSES|UNSEEN_STRANGLE,DARKEST_LARIAT,SUCKER_PUNCH,BREAKING_SWIPE><207|51|STURDY|WEAKNESS_POLICY|ROCK_SLIDE,IRON_DEFENSE,POWER_GEM,THUNDERBOLT>
273|EP-BE|100|0|null|<70|45|UNAWARE|ICY_ROCK|BLIZZARD,ICE_FANG,SNOWSCAPE,AURORA_VEIL><60|44|SNOW_CLOAK|BRIGHT_POWDER|MIST_BALL,ICE_BEAM,PSYCHIC,TRICK><63|45|ICY_SCALES|OCCA_BERRY|ICE_BEAM,BLIZZARD,TAILWIND,BUG_BUZZ>
274|EP-BF|100|0|null|<112|66|STATIC|EVIOLITE|THUNDER_PUNCH,CURSE,THUNDERBOLT,MAGNET_RISE><119|65|SAP_SIPPER|WIDE_LENS|AROMATHERAPY,THUNDER,LEAF_STORM,NASTY_PLOT><178|65|SERENE_GRACE|CHILAN_BERRY|MOONBLAST,FIERY_DANCE,TRI$ATTACK,ELEMENTAL_SPARKLE>
275|EP-BG|100|0|null|<109|66|DROUGHT|HEAT_ROCK|DRILL_RUN,SWORDS_DANCE,SUNSTEEL_STRIKE,FLARE_BLITZ><105|67|SOLAR_POWER|BLUNDER_POLICY|HEAT_WAVE,INFERNO,PARTING_SHOT,NASTY_PLOT><204|65|LEVITATE|PASSHO_BERRY|FIRE_BLAST,DRAGON_RUSH,THUNDER,OVERHEAT><100|65|LEVITATE|ROCKY_HELMET|IRON_TAIL,DRAGON_RUSH,FIRE_BLAST,DRAGON_PULSE><6|66|BLAZE|RED_CARD|FLARE_BLITZ,EARTH_POWER,AURA_SPHERE,STEEL_BEAM>
276|DH|100|0|null|<168|62|SAND_STREAM|SMOOTH_ROCK|HAMMER_ARM,ROCK_BLAST,AURA_SPHERE,SUBMISSION><50|63|STURDY|LEFTOVERS|EXPLOSION,SUPERPOWER,IRON_DEFENSE,EARTHQUAKE><56|64|INTIMIDATE|FOCUS_SASH|PARTING_SHOT,THROAT_CHOP,FIRE_BLAST,PSYCHIC_FANGS>
277|DI|100|0|null|<40|64|SERENE_GRACE|WHITE_HERB|EARTH_POWER,LEAF_STORM,PHOTON_GEYSER,EXTRASENSORY><12|64|MIRROR_ARMOR|GLOWING_PRISM|AEROBLAST,SOLAR_BEAM,MORNING_SUN,SUNNY_DOOM>
278|DJ|100|0|null|<109|65|DROUGHT|SHUCA_BERRY|DRILL_RUN,SWORDS_DANCE,SUNSTEEL_STRIKE,FLARE_BLITZ><107|65|SLEIGHT_OF_HAND|QUICK_CLAW|SPACIAL_REND,BLUE_FLARE,VANISHING_ACT,MAGIC_REFLECT><100|65|LEVITATE|FOCUS_BAND|IRON_TAIL,DRAGON_RUSH,FIRE_BLAST,DRAGON_PULSE>
279|DK|100|0|null|<110|65|COMPETITIVE|WHITE_HERB|EARTH_POWER,GLITTER_DANCE,MOONBLAST,OVERHEAT><96|65|FLAME_BODY|ASSAULT_VEST|FLARE_BLITZ,CROSS_POISON,CLOSE_COMBAT,EARTHQUAKE><103|65|SOLID_ROCK|LEFTOVERS|POWER_GEM,ERUPTION,HYPER_BEAM,LAVA_LAIR>
280|DL|100|0|null|<46|64|SWIFT_SWIM|KEBIA_BERRY|HYDRO_PUMP,LEECH_SEED,RAIN_DANCE,ENERGY_BALL><9|63|TORRENT|WIKI_BERRY|DOUBLE$EDGE,DRAGON_RUSH,BULK_UP,CLOSE_COMBAT><70|64|UNAWARE|WIDE_LENS|HYDRO_PUMP,ICE_FANG,SHEER_COLD,PSYCHIC_FANGS><61|66|SNOW_CLOAK|FOCUS_BAND|SPARKLING_TERRAIN,TRICK_ROOM,BLIZZARD,TWINKLE_TACKLE>
281|DM|100|0|null|<132|90|SWIFT_SWIM|EVIOLITE|WATER_PULSE,SHELL_SMASH,AQUA_RING,NIGHT_SHADE><143|90|REGENERATOR|POWER_HERB|ELEMENTAL_SPARKLE,DRAGON_PULSE,MAGIC_CRASH,VANISHING_ACT><148|90|ILLUMINATION|RINDO_BERRY|DARK_PULSE,EARTH_POWER,TOPSY$TURVY,MUDDY_WATER>
282|DN|100|0|null|<139|75|ILLUMINATION|EVIOLITE|RECOVER,HYDRO_PUMP,LIGHT_SCREEN,PSYCHIC><140|65|ILLUMINATION|COSMIC_CORE|RECOVER,CORE_ENFORCER,ICE_BEAM,HYDRO_PUMP>
283|DO|100|0|null|<138|63|INTIMIDATE|WACAN_BERRY|DRAGON_DANCE,THRASH,WATERFALL,BOUNCE><142|63|AMBUSH|WEAKNESS_POLICY|DRAGON_RUSH,KNOCK_OFF,ACROBATICS,CRUNCH><216|64|ILLUMINATION|RED_CARD|MAGIC_CRASH,EARTHQUAKE,SPECTRAL_THIEF,OUTRAGE>
284|DP|100|0|null|<150|64|WATER_VEIL|LIFE_ORB|WATER_KICK,SUPERCHARGED_SPLASH,DEEP_SEA_BUBBLE,WATER_CLAP><150|65|WATER_VEIL|MYSTICOLA_BERRY|WATER_KICK,SUPERCHARGED_SPLASH,DEEP_SEA_BUBBLE,SEA_DRAGON><150|66|WATER_VEIL|WHITE_HERB|WATER_KICK,SUPERCHARGED_SPLASH,DEEP_SEA_BUBBLE,SEA_DRAGON>
285|DQ|100|0|null|<152|65|INTIMIDATE|BLACK_SLUDGE|SUCKER_PUNCH,VENOM_SPIT,GUNK_SHOT,COIL><155|64|STRONG_JAW|ASSAULT_VEST|FLY,LEECH_LIFE,BRAVE_BIRD,VENOSHOCK><227|65|SHED_SKIN|SPELL_TAG|SHADOW_BALL,VENOM_SPIT,FROSTBIND,AEROBLAST><105|64|SOLAR_POWER|BLUNDER_POLICY|HEAT_WAVE,INFERNO,SUNNY_DOOM,NASTY_PLOT>
286|DR|100|0|null|<107|64|SLEIGHT_OF_HAND|AIR_BALLOON|SPACIAL_REND,BLUE_FLARE,MAGIC_TOMB,MAGIC_REFLECT><77|65|MAGIC_BOUNCE|RED_CARD|HEALING_WISH,VANISHING_ACT,MORNING_SUN,MAGIC_TOMB><21|65|ADAPTABILITY|COSMIC_CORE|MEMENTO,ABDUCT,RADIO_BURST,GENESIS_SUPERNOVA><47|66|MAGIC_GUARD|WHITE_HERB|GLITTER_DANCE,VANISHING_ACT,PRISMATIC_LASER,OVERHEAT>
287|DS|100|0|null|<100|65|LEVITATE|ROCKY_HELMET|IRON_TAIL,DRAGON_RUSH,FIRE_BLAST,DRAGON_PULSE><54|65|PSYCHIC_SURGE|STARF_BERRY|PHOTON_GEYSER,HEAD_SMASH,OUTRAGE,EARTHQUAKE><145|64|SWIFT_SWIM|ASSAULT_VEST|MAGIC_FANG,DRAGON_DARTS,MAGIC_CRASH,SPACIAL_REND><173|65|SAND_VEIL|SITRUS_BERRY|DRAGON_PULSE,EARTH_POWER,DRAGON_DANCE,FATAL_BIND>
288|DT|100|0|null|<103|65|SOLID_ROCK|STARF_BERRY|POWER_GEM,ERUPTION,HYPER_BEAM,LAVA_LAIR><58|66|NO_GUARD|STARF_BERRY|KNOCK_OFF,DRAGON_PULSE,CALM_MIND,BRAVE_BIRD><18|65|ROUGH_SKIN|CUSTAP_BERRY|STONE_EDGE,EARTHQUAKE,DOUBLE$EDGE,SWORDS_DANCE>
289|DU|100|0|null|<93|65|INTIMIDATE|SILK_SCARF|DOUBLE$EDGE,AGILITY,MORNING_SUN,SUNNY_DAY><97|66|STEELWORKER|LIFE_ORB|SHADOW_BALL,STEEL_BEAM,ERUPTION,EXPLOSION><6|66|BLAZE|EXPERT_BELT|FLARE_BLITZ,EARTH_POWER,AURA_SPHERE,STEEL_BEAM><225|65|GUTS|BLACK_GLASSES|DARKEST_LARIAT,NIGHT_SLASH,CLOSE_COMBAT,NO_RETREAT>
290|DV|100|0|null|<204|68|LEVITATE|BLUNDER_POLICY|FIRE_BLAST,DRAGON_RUSH,THUNDER,OVERHEAT><125|68|ELECTRIC_SURGE|POWER_HERB|SPARKLE_STRIKE,ELECTRO_BALL,MAGIC_CRASH,THUNDER><63|68|ICY_SCALES|WIDE_LENS|FROSTBIND,BLIZZARD,TAILWIND,QUIVER_DANCE>
291|7 Gym A|200|0|null|<61|69|SNOW_CLOAK|FOCUS_BAND|SPARKLING_TERRAIN,TRICK_ROOM,BLIZZARD,TWINKLE_TACKLE><61|69|SNOW_CLOAK|WIDE_LENS|SPARKLING_TERRAIN,TRICK_ROOM,BLIZZARD,TWINKLE_TACKLE><145|67|SWIFT_SWIM|POWER_HERB|MAGIC_FANG,DRAGON_DARTS,MAGIC_CRASH,SPACIAL_REND>
292|7 Gym B|200|0|null|<47|68|MAGIC_GUARD|FOCUS_SASH|GLITTER_DANCE,VANISHING_ACT,PRISMATIC_LASER,OVERHEAT><122|67|TOUGH_CLAWS|POWER_HERB|HONE_CLAWS,HEAVY_SLAM,MAGIC_CRASH,STEEL_BEAM><47|69|MAGIC_GUARD|WHITE_HERB|GLITTER_DANCE,VANISHING_ACT,PRISMATIC_LASER,OVERHEAT>
293|7 Gym C|200|0|null|<128|68|ADAPTABILITY|LIFE_ORB|SPARKLE_STRIKE,VACUUM_WAVE,MAGIC_TOMB,FOCUS_BLAST><150|68|WATER_VEIL|LIFE_ORB|WATER_KICK,SUPERCHARGED_SPLASH,DEEP_SEA_BUBBLE,SEA_DRAGON>
294|7 Gym D|200|0|null|<150|69|WATER_VEIL|FOCUS_SASH|WATER_KICK,SUPERCHARGED_SPLASH,DEEP_SEA_BUBBLE,SEA_DRAGON><107|68|SLEIGHT_OF_HAND|CUSTAP_BERRY|SPACIAL_REND,BLUE_FLARE,VANISHING_ACT,MAGIC_REFLECT>
295|7 Gym E|200|0|null|<178|68|SERENE_GRACE|WEAKNESS_POLICY|MOONBLAST,FIERY_DANCE,TRI$ATTACK,ELEMENTAL_SPARKLE><145|67|SWIFT_SWIM|KEBIA_BERRY|MAGIC_FANG,DRAGON_DARTS,MAGIC_CRASH,SPACIAL_REND><122|68|TOUGH_CLAWS|SITRUS_BERRY|HONE_CLAWS,HEAVY_SLAM,MAGIC_CRASH,STEEL_BEAM>
296|7 Gym F|200|0|null|<125|68|ELECTRIC_SURGE|AIR_BALLOON|SPARKLE_STRIKE,ELECTRO_BALL,MAGIC_CRASH,THUNDER><47|69|MAGIC_GUARD|WHITE_HERB|GLITTER_DANCE,VANISHING_ACT,PRISMATIC_LASER,OVERHEAT>
297|7 Gym G|200|0|null|<185|69|SPARKLY_SURGE|EVIOLITE|GALAXY_BLAST,MAGIC_REFLECT,DESOLATE_VOID,MAGIC_TOMB><178|68|SERENE_GRACE|CHILAN_BERRY|MOONBLAST,FIERY_DANCE,TRI$ATTACK,ELEMENTAL_SPARKLE><128|67|ADAPTABILITY|STARF_BERRY|SPARKLE_STRIKE,VACUUM_WAVE,MAGIC_TOMB,FOCUS_BLAST>
298|7 Gym H|200|0|null|<145|68|SWIFT_SWIM|LEFTOVERS|MAGIC_FANG,DRAGON_DARTS,MAGIC_CRASH,SPACIAL_REND><150|69|WATER_VEIL|ROCKY_HELMET|WATER_KICK,SUPERCHARGED_SPLASH,DEEP_SEA_BUBBLE,SEA_DRAGON>
299|7 Gym I|200|0|null|<150|70|WATER_VEIL|FOCUS_BAND|WATER_KICK,SUPERCHARGED_SPLASH,DEEP_SEA_BUBBLE,SEA_DRAGON>
300|7 Gym J|200|0|null|<143|90|REGENERATOR|POWER_HERB|ELEMENTAL_SPARKLE,DRAGON_PULSE,MAGIC_CRASH,VANISHING_ACT><125|67|ELECTRIC_SURGE|KING1S_ROCK|SPARKLE_STRIKE,ELECTRO_BALL,MAGIC_CRASH,THUNDER><61|69|SNOW_CLOAK|RED_CARD|SPARKLING_TERRAIN,TRICK_ROOM,BLIZZARD,TWINKLE_TACKLE>
301|7 Gym K|200|0|null|<186|67|SPARKLY_SURGE|ASSAULT_VEST|COMET_CRASH,METEOR_ASSAULT,GALAXY_BLAST,SPACIAL_REND><77|69|MAGIC_BOUNCE|COLBUR_BERRY|HEALING_WISH,VANISHING_ACT,MORNING_SUN,MAGIC_TOMB>
302|7 Gym L|200|0|null|<107|67|SLEIGHT_OF_HAND|QUICK_CLAW|SPACIAL_REND,BLUE_FLARE,VANISHING_ACT,MAGIC_REFLECT><122|68|TOUGH_CLAWS|ROCKY_HELMET|HONE_CLAWS,HEAVY_SLAM,MAGIC_CRASH,STEEL_BEAM>
303|7 Gym M|200|0|null|<125|69|ELECTRIC_SURGE|FOCUS_BAND|SPARKLE_STRIKE,ELECTRO_BALL,MAGIC_CRASH,THUNDER><122|69|TOUGH_CLAWS|BRIGHT_POWDER|HONE_CLAWS,HEAVY_SLAM,MAGIC_CRASH,STEEL_BEAM><128|69|ADAPTABILITY|QUICK_CLAW|SPARKLE_STRIKE,VACUUM_WAVE,MAGIC_TOMB,FOCUS_BLAST>
304|7 Gym N|200|0|null|<77|69|MAGIC_BOUNCE|RED_CARD|HEALING_WISH,VANISHING_ACT,MORNING_SUN,MAGIC_TOMB><178|69|SERENE_GRACE|RED_CARD|MOONBLAST,FIERY_DANCE,TRI$ATTACK,ELEMENTAL_SPARKLE>
305|7 Gym Leader 1|500|0|TM03|<122|70|IRON_BARBS|LEFTOVERS|IRON_HEAD,SPIKY_SHIELD,U$TURN,EARTHQUAKE><150|70|WATER_VEIL|WHITE_HERB|DEEP_SEA_BUBBLE,SEA_DRAGON,SUPERCHARGED_SPLASH,RAIN_DANCE><47|70|MAGIC_GUARD|POWER_HERB|PRISMATIC_LASER,ELEMENTAL_SPARKLE,GEOMANCY,FIERY_DANCE><107|70|SLEIGHT_OF_HAND|LEFTOVERS|FREEZE$DRY,CALM_MIND,BLUE_FLARE,VANISHING_ACT><232|70|PROTEAN|WIKI_BERRY|TOXIC,SPIKES,ELEMENTAL_SPARKLE,PSYCHIC><229|71|TYPE_MASTER|CHOICE_BAND|SPECTRAL_THIEF,FLARE_BLITZ,VOLT_TACKLE,SWITCHEROO>
306|DX|100|0|null|<125|65|ELECTRIC_SURGE|TERRAIN_EXTENDER|SPARKLE_STRIKE,ELECTRO_BALL,MAGIC_CRASH,THUNDER><212|66|STATIC|CHOICE_BAND|OUTRAGE,DRAGON_RUSH,STONE_EDGE,VOLT_TACKLE><119|66|SAP_SIPPER|COVERT_CLOAK|AROMATHERAPY,THUNDER,LEAF_STORM,NASTY_PLOT><204|65|LEVITATE|WHITE_HERB|FIRE_BLAST,DRAGON_RUSH,THUNDER,OVERHEAT>
307|DY|100|0|null|<196|67|GRAVITATION|ASSAULT_VEST|METEOR_ASSAULT,POWER_GEM,STONE_EDGE,COMET_CRASH><168|67|SAND_STREAM|LEFTOVERS|HAMMER_ARM,SCORCHING_SANDS,HEAT_CRASH,SUBMISSION>
308|DZ|100|0|null|<136|67|DRIZZLE|RED_CARD|WAVE_CRASH,OUTRAGE,HURRICANE,DRAGON_DANCE><162|67|LEVITATE|WHITE_HERB|SUPERPOWER,SMART_STRIKE,SHADOW_BALL,PHANTOM_FORCE><180|66|ADAPTABILITY|LIFE_ORB|NASTY_PLOT,BITTER_MALICE,HYPER_VOICE,FOUL_PLAY><149|67|ILLUMINATION|RINDO_BERRY|PHANTOM_FORCE,TWINKLE_TACKLE,UNSEEN_STRANGLE,MAGIC_CRASH>
309|EA|100|0|null|<222|67|LEVITATE|EXPERT_BELT|MOONBLAST,PHANTOM_FORCE,STAR_STORM,KNOCK_OFF><227|67|SHED_SKIN|LEFTOVERS|SHADOW_BALL,VENOM_SPIT,FROSTBIND,AEROBLAST><157|68|FRIENDLY_GHOST|LEFTOVERS|GYRO_BALL,DESTINY_BOND,SPECTRAL_THIEF,TRI$ATTACK><159|67|ADAPTABILITY|ROSELI_BERRY|TAKE_OVER,DESTINY_BOND,SHADOW_BALL,NIGHTMARE><131|67|WONDER_GUARD|FOCUS_SASH|SWORDS_DANCE,FURY_SWIPES,LEECH_LIFE,PHANTOM_FORCE>
310|EB|100|0|null|<141|69|AMBUSH|EVIOLITE|THUNDER_FANG,PSYCHIC_FANGS,KNOCK_OFF,FIRE_FANG><116|67|SPEED_BOOST|SOFT_SAND|EARTHQUAKE,MAGNET_RISE,EXTREME_SPEED,VOLT_TACKLE><3|68|OVERGROW|BABIRI_BERRY|SPIKY_SHIELD,GIGA_DRAIN,LEAF_STORM,EARTH_POWER><28|67|COMPETITIVE|WHITE_HERB|SYNTHESIS,DRACO_METEOR,PETAL_DANCE,NASTY_PLOT><31|68|TECHNICIAN|BLACK_SLUDGE|WEATHER_BALL,GRASSY_TERRAIN,SLUDGE_BOMB,MAGICAL_LEAF>
311|TN MSJ 1|100|0|null|<53|68|SYNCHRONIZE|ROCKY_HELMET|CURSE,SKULL_BASH,IRON_TAIL,EARTHQUAKE><56|68|INTIMIDATE|FOCUS_SASH|PARTING_SHOT,PLASMA_FISTS,FIRE_BLAST,PSYCHIC_FANGS><84|68|PSYCHIC_SURGE|TERRAIN_EXTENDER|EXPLOSION,IRON_HEAD,PSYCHO_CUT,DRILL_RUN><87|68|EMPATHIC_LINK|BRIGHT_POWDER|MOONBLAST,GLITTER_DANCE,BLACK_HOLE_ECLIPSE,EXPANDING_FORCE><24|68|POISON_HEAL|TOXIC_ORB|FATAL_BIND,FELL_STINGER,QUIVER_DANCE,STICKY_WEB><60|69|SNOW_CLOAK|TWISTED_SPOON|BLIZZARD,AURORA_VEIL,FREEZING_GLARE,EXPANDING_FORCE>
312|EC|100|0|null|<96|66|FLAME_BODY|CHOICE_BAND|FLARE_BLITZ,CROSS_POISON,CLOSE_COMBAT,EARTHQUAKE><107|66|SLEIGHT_OF_HAND|QUICK_CLAW|SPACIAL_REND,BLUE_FLARE,VANISHING_ACT,MAGIC_REFLECT><110|66|COMPETITIVE|WHITE_HERB|EARTH_POWER,GLITTER_DANCE,MOONBLAST,OVERHEAT>
313|ED|100|0|null|<116|66|SPEED_BOOST|AIR_BALLOON|EARTHQUAKE,MAGNET_RISE,EXTREME_SPEED,VOLT_TACKLE><170|66|SAND_FORCE|WIDE_LENS|PLAY_ROUGH,PLASMA_FISTS,FISSURE,DARKEST_LARIAT><219|66|ADAPTABILITY|ASSAULT_VEST|FATAL_BIND,SUCKER_PUNCH,BREAKING_SWIPE,DRAGON_PULSE>
314|EE|100|0|null|<178|66|SERENE_GRACE|EXPERT_BELT|MOONBLAST,FIERY_DANCE,TRI$ATTACK,ELEMENTAL_SPARKLE><15|66|BATTLE_ARMOR|WACAN_BERRY|IRON_HEAD,FLY,NIGHT_SLASH,GYRO_BALL><12|66|MIRROR_ARMOR|WISE_GLASSES|AEROBLAST,SOLAR_BEAM,MORNING_SUN,SUNNY_DOOM>
315|EF|100|0|null|<9|66|TORRENT|MUSCLE_BAND|DOUBLE$EDGE,WAVE_CRASH,BULK_UP,CLOSE_COMBAT><140|66|ILLUMINATION|STARF_BERRY|RECOVER,CORE_ENFORCER,ICE_BEAM,HYDRO_PUMP><72|66|TORRENT|FOCUS_SASH|HURRICANE,BLIZZARD,MOONBLAST,SHEER_COLD>
316|ZT|100|0|null|<48|20|STURDY|WEAKNESS_POLICY|ROCK_THROW,ROCK_TOMB,MUD_SPORT,ROCK_POLISH><118|20|SAP_SIPPER|LEFTOVERS|ELECTRIC_TERRAIN,LEECH_SEED,FORESTS_CURSE,GRASSY_TERRAIN>
317|ZU|100|0|null|<211|16|STATIC|PERSIM_BERRY|DRAGON_RAGE,BREAKING_SWIPE,BITE,SLAM><213|16|MOXIE|CHESTO_BERRY|DRAGON_RAGE,SUCKER_PUNCH,BREAKING_SWIPE,TAKE_DOWN>
318|EG|100|0|null|<40|70|SERENE_GRACE|EXPERT_BELT|EARTH_POWER,LEAF_STORM,PHOTON_GEYSER,EXTRASENSORY><27|71|ANGER_POINT|EVIOLITE|GRASSY_TERRAIN,WOOD_HAMMER,OUTRAGE,SUPERPOWER><18|70|ROUGH_SKIN|ROCKY_HELMET|STONE_EDGE,EARTHQUAKE,SUPERPOWER,SWORDS_DANCE>
319|EH|100|0|null|<37|71|LEVITATE|MAGNET|FLY,AGILITY,ZAP_CANNON,THUNDERBOLT><198|70|FRIENDLY_GHOST|CHOICE_SCARF|THUNDER,ELECTRO_BALL,SHADOW_BALL,VOLT_SWITCH><183|71|SNIPER|CLEAR_AMULET|SHIFT_GEAR,PRISMATIC_LASER,STEEL_BEAM,MAGIC_BLAST>
320|EI|100|0|null|<194|70|SNOW_WARNING|CHOICE_SCARF|ICICLE_CRASH,METEOR_ASSAULT,ICE_SPINNER,COMET_CRASH><70|71|UNAWARE|BLUNDER_POLICY|HYDRO_PUMP,ICE_FANG,SHEER_COLD,PSYCHIC_FANGS><65|71|GUTS|ASSAULT_VEST|FISSURE,PLAY_ROUGH,CLOSE_COMBAT,ICE_SPINNER><39|70|MOXIE|ROCKY_HELMET|SYNTHESIS,DRILL_RUN,HEAD_SMASH,WOOD_HAMMER>
321|EJ|100|0|null|<46|72|SWIFT_SWIM|DAMP_ROCK|HYDRO_PUMP,LEECH_SEED,RAIN_DANCE,ENERGY_BALL><63|71|ICY_SCALES|NEVER$MELT_ICE|FROSTBIND,BLIZZARD,TAILWIND,QUIVER_DANCE><58|72|NO_GUARD|EXPERT_BELT|DAZZLING_GLEAM,MAGIC_BLAST,CALM_MIND,BRAVE_BIRD><15|71|BATTLE_ARMOR|ASSAULT_VEST|IRON_HEAD,BRAVE_BIRD,NIGHT_SLASH,GYRO_BALL>
322|EK|100|0|null|<54|72|PSYCHIC_SURGE|TWISTED_SPOON|EXPANDING_FORCE,HEAD_SMASH,OUTRAGE,EARTHQUAKE><216|71|ILLUMINATION|STARF_BERRY|DRAGON_DANCE,EARTHQUAKE,SPECTRAL_THIEF,PARTING_SHOT><225|72|GUTS|FLAME_ORB|DARKEST_LARIAT,FOCUS_ENERGY,CLOSE_COMBAT,NO_RETREAT>
323|EL|100|0|null|<201|71|SNIPER|LIFE_ORB|SHIFT_GEAR,CLOSE_COMBAT,METEOR_ASSAULT,PLASMA_FISTS><210|71|VOLT_VORTEX|RED_CARD|DRAGON_DANCE,VOLT_TACKLE,COMET_CRASH,WATERFALL><133|72|SWIFT_SWIM|CHOICE_SCARF|FOCUS_BLAST,HURRICANE,WATER_SPOUT,AEROBLAST>
324|EM|100|0|null|<79|72|WATER_VEIL|LEFTOVERS|WATER_SPOUT,EXPANDING_FORCE,BLIZZARD,CALM_MIND><56|72|INTIMIDATE|RED_CARD|PARTING_SHOT,PLASMA_FISTS,JAW_LOCK,PSYCHIC_FANGS><47|72|MAGIC_GUARD|WHITE_HERB|GEOMANCY,VANISHING_ACT,PRISMATIC_LASER,OVERHEAT><25|72|ROUGH_SKIN|SITRUS_BERRY|FLAIL,ROCK_WRECKER,EARTHQUAKE,FATAL_BIND>
325*|Diftery|0|36|null|<229|75|TYPE_MASTER|null|PARTING_SHOT,GALAXY_BLAST,UNSEEN_STRANGLE,MAGIC_CRASH>
326*|Triwandoliz|0|35|null|<232|75|PROTEAN|null|NASTY_PLOT,PRISMATIC_LASER,SPIKES,RECOVER>
327|Ice Master|100|7|PETTICOAT_GEM|<59|37|SNOW_CLOAK|FOCUS_SASH|GUST,COVET,DEFOG,NIGHT_SHADE><60|36|SNOW_CLOAK|ICY_ROCK|MIST_BALL,SCARY_FACE,SNOWSCAPE,NIGHT_SHADE><64|35|STURDY|EVIOLITE|MAGNITUDE,HAZE,EARTHQUAKE,ICE_FANG><69|36|UNAWARE|LEFTOVERS|SNORE,FROSTBIND,SNOWSCAPE,REST>
328|Ground Master|100|6|VALIANT_GEM|<50|36|STURDY|FOCUS_BAND|ROLLOUT,STEALTH_ROCK,SELF$DESTRUCT,ROCK_BLAST><57|35|NO_GUARD|null|DETECT,ACROBATICS,ANCIENT_POWER,MAGIC_BLAST><169|36|SAND_RUSH|EVIOLITE|HEADBUTT,LOW_KICK,SANDSTORM,ROCK_THROW><215|37|ILLUMINATION|LIFE_ORB|EARTH_POWER,SHADOW_SNEAK,TAIL_GLOW,SHADOW_BALL>
329|Crook|100|17|EXP_SHARE|<104|13|SOLAR_POWER|ORAN_BERRY|SMOG,ROAR,HOWL,BITE><85|14|SYNCHRONIZE|RINDO_BERRY|CONFUSION,HYPNOSIS,FLASH_RAY,DOUBLE_TEAM><171|14|SAND_VEIL|ROCKY_HELMET|POUND,TAIL_WHIP,SAND_ATTACK,WRAP>
330|TN MS 2|100|0|null|<227|68|SHED_SKIN|ROSELI_BERRY|SHADOW_BALL,VENOM_SPIT,FROSTBIND,AEROBLAST><152|68|INTIMIDATE|BLACK_SLUDGE|SUCKER_PUNCH,VENOM_SPIT,GUNK_SHOT,COIL><222|68|LEVITATE|CHOICE_SCARF|MOONBLAST,PHANTOM_FORCE,STAR_STORM,KNOCK_OFF><162|68|LEVITATE|POWER_HERB|SUPERPOWER,SMART_STRIKE,SHADOW_BALL,PHANTOM_FORCE>
331|TN MS 3|100|0|null|<225|68|GUTS|FLAME_ORB|DARKEST_LARIAT,NIGHT_SLASH,CLOSE_COMBAT,NO_RETREAT><96|68|FLAME_BODY|ASSAULT_VEST|FLARE_BLITZ,CROSS_POISON,CLOSE_COMBAT,EARTHQUAKE><105|68|SOLAR_POWER|WIDE_LENS|HEAT_WAVE,INFERNO,PARTING_SHOT,NASTY_PLOT><17|68|MOUTHWATER|EVIOLITE|METAL_CLAW,DOUBLE$EDGE,ENDEAVOR,BULLDOZE>
332|TN MS 4|100|0|null|<216|68|ILLUMINATION|POWER_HERB|MAGIC_CRASH,EARTHQUAKE,SPECTRAL_THIEF,PARTING_SHOT><149|68|ILLUMINATION|POWER_HERB|PHANTOM_FORCE,TWINKLE_TACKLE,UNSEEN_STRANGLE,MAGIC_CRASH><46|68|SWIFT_SWIM|COBA_BERRY|HYDRO_PUMP,LEECH_SEED,RAIN_DANCE,ENERGY_BALL><147|68|TOUGH_CLAWS|ROCKY_HELMET|FOCUS_ENERGY,SWORDS_DANCE,STONE_EDGE,WAVE_CRASH>
333|TN MS 5|100|0|null|<219|68|ADAPTABILITY|SITRUS_BERRY|FATAL_BIND,SUCKER_PUNCH,BREAKING_SWIPE,DRAGON_PULSE><173|68|SAND_VEIL|PASSHO_BERRY|DRAGON_PULSE,EARTH_POWER,DRAGON_DANCE,FATAL_BIND><180|68|ADAPTABILITY|FOCUS_SASH|NASTY_PLOT,BITTER_MALICE,HYPER_VOICE,FOUL_PLAY><159|68|ADAPTABILITY|ROSELI_BERRY|TAKE_OVER,DESTINY_BOND,SHADOW_BALL,NIGHTMARE>
334|TN MS 6|100|0|null|<207|69|STURDY|CHOICE_SPECS|FIRE_BLAST,ZAP_CANNON,POWER_GEM,AURA_SPHERE><51|69|STURDY|RINDO_BERRY|GLITTERING_SWORD,PLAY_ROUGH,REFLECT,DIAMOND_STORM><212|69|STATIC|CHOICE_SCARF|OUTRAGE,DRAGON_RUSH,STONE_EDGE,VOLT_TACKLE><54|69|PSYCHIC_SURGE|ASSAULT_VEST|PHOTON_GEYSER,HEAD_SMASH,OUTRAGE,EARTHQUAKE>
335|TN MS 7|100|0|null|<208|69|CLEAR_BODY|CHOICE_SCARF|COMET_CRASH,OVERHEAT,GLITTERING_SWORD,PLASMA_FISTS><50|69|STURDY|MUSCLE_BAND|EXPLOSION,SUPERPOWER,IRON_DEFENSE,EARTHQUAKE><201|69|SNIPER|WHITE_HERB|SHIFT_GEAR,CLOSE_COMBAT,METEOR_ASSAULT,PLASMA_FISTS><183|69|SNIPER|EXPERT_BELT|SHIFT_GEAR,PRISMATIC_LASER,HYDRO_PUMP,MAGIC_BLAST>
336|TN MS 8|100|0|null|<210|69|VOLT_VORTEX|AIR_BALLOON|DRAGON_DANCE,VOLT_TACKLE,COMET_CRASH,WATERFALL><198|69|FRIENDLY_GHOST|LIFE_ORB|THUNDER,ELECTRO_BALL,SHADOW_BALL,VOLT_SWITCH><204|69|LEVITATE|WHITE_HERB|FIRE_BLAST,DRAGON_RUSH,THUNDER,OVERHEAT><100|69|LEVITATE|WIDE_LENS|IRON_TAIL,DRAGON_RUSH,FIRE_BLAST,DRAGON_PULSE>
337|TN MS 9|100|0|null|<113|69|HUGE_POWER|METAL_COAT|METEOR_MASH,HEAVY_SLAM,SUPERPOWER,VOLT_TACKLE><214|69|MOXIE|CHOPLE_BERRY|NIGHT_SLASH,OUTRAGE,OBSTRUCT,DRAGON_CLAW><119|69|SAP_SIPPER|ROCKY_HELMET|AROMATHERAPY,THUNDER,LEAF_STORM,NASTY_PLOT><28|69|COMPETITIVE|YACHE_BERRY|SYNTHESIS,DRACO_METEOR,PETAL_DANCE,NASTY_PLOT>
338|TN MS 10|100|0|null|<27|69|ANGER_POINT|EVIOLITE|GRASSY_TERRAIN,WOOD_HAMMER,ICE_PUNCH,SUPERPOWER><31|69|TECHNICIAN|POISON_BARB|WEATHER_BALL,GRASSY_TERRAIN,SLUDGE_BOMB,MAGICAL_LEAF><155|69|STRONG_JAW|SHARP_BEAK|FLY,LEECH_LIFE,BRAVE_BIRD,VENOSHOCK><34|69|SHARPNESS|POWER_HERB|PSYCHO_CUT,STICKY_WEB,SOLAR_BLADE,SWORDS_DANCE>
339|TN MS 11|100|0|null|<165|69|GUTS|FLAME_ORB|HAMMER_ARM,STONE_EDGE,SUPERPOWER,REVERSAL><170|69|SAND_FORCE|EXPERT_BELT|PLAY_ROUGH,PLASMA_FISTS,FISSURE,DARKEST_LARIAT><173|69|SAND_VEIL|YACHE_BERRY|DRAGON_PULSE,EARTH_POWER,DRAGON_DANCE,FATAL_BIND><176|69|MAGIC_GUARD|SITRUS_BERRY|COSMIC_POWER,MOONBLAST,SPACIAL_REND,RADIO_BURST>
340|TN MS 12|100|0|null|<24|70|POISON_HEAL|TOXIC_ORB|FATAL_BIND,FELL_STINGER,QUIVER_DANCE,STICKY_WEB><43|70|SPEED_BOOST|SILVER_POWDER|NO_RETREAT,STAFF_JAB,FIRST_IMPRESSION,DETECT><25|70|ROUGH_SKIN|ROCKY_HELMET|FLAIL,ROCK_WRECKER,EARTHQUAKE,FATAL_BIND><74|70|TECHNICIAN|BLACK_GLASSES|EXTREME_SPEED,KNOCK_OFF,FIRST_IMPRESSION,NIGHT_DAZE>
341|TN MS 13|100|0|null|<84|70|PSYCHIC_SURGE|ROCKY_HELMET|EXPLOSION,METEOR_MASH,PSYCHO_CUT,DRILL_RUN><145|70|SWIFT_SWIM|RED_CARD|DRACO_METEOR,DRAGON_DARTS,MAGIC_CRASH,SPACIAL_REND><142|70|AMBUSH|LIFE_ORB|DRAGON_RUSH,BRAVE_BIRD,UNSEEN_STRANGLE,CRUNCH><141|70|AMBUSH|EVIOLITE|THUNDER_FANG,PSYCHIC_FANGS,KNOCK_OFF,FIRE_FANG>
342|TN MS 14|100|0|null|<97|70|STEELWORKER|CHOICE_SCARF|SHADOW_BALL,STEEL_BEAM,ERUPTION,EXPLOSION><109|70|DROUGHT|HEAT_ROCK|DRILL_RUN,SWORDS_DANCE,SUNSTEEL_STRIKE,FLARE_BLITZ><6|70|BLAZE|CHOICE_SCARF|FLARE_BLITZ,ERUPTION,AURA_SPHERE,STEEL_BEAM><196|70|GRAVITATION|CHOICE_SCARF|METEOR_ASSAULT,POWER_GEM,STONE_EDGE,COMET_CRASH>
343|Rick 3|400|34|null|<74|74|TERRIFY|SILVER_POWDER|U$TURN,KNOCK_OFF,MOONLIGHT,FIRST_IMPRESSION><162|74|LEVITATE|WIDE_LENS|STONE_EDGE,WILL$O$WISP,COMET_CRASH,ROCK_POLISH><113|74|HUGE_POWER|AIR_BALLOON|BULLET_PUNCH,COIL,THUNDER_PUNCH,EARTHQUAKE><46|74|SWIFT_SWIM|CHOICE_SPECS|SCALD,GIGA_DRAIN,U$TURN,ICE_BEAM><67|73|ROCK_HEAD|BIG_ROOT|HEAD_SMASH,DRAIN_PUNCH,NO_RETREAT,STEALTH_ROCK><122|75|TOUGH_CLAWS|POWER_HERB|SPIKY_SHIELD,IRON_HEAD,MAGIC_CRASH,HONE_CLAWS>
344|Fred 4|400|27|null|<196|77|HUGE_POWER|LOADED_DICE|SHOOTING_STARS,ROCK_BLAST,DRAIN_PUNCH,BULK_UP><210|76|VOLT_VORTEX|WEAKNESS_POLICY|DRAGON_DANCE,WATERFALL,VOLT_TACKLE,BREAKING_SWIPE><219|77|ADAPTABILITY|ROCKY_HELMET|GLARE,BREAKING_SWIPE,EARTH_POWER,DARK_PULSE><3|77|ROUGH_SKIN|SITRUS_BERRY|SPIKY_SHIELD,GIGA_DRAIN,HEAD_SMASH,EARTH_POWER><6|77|DRY_SKIN|SITRUS_BERRY|STEEL_BEAM,FLARE_BLITZ,ERUPTION,STEALTH_ROCK><9|77|PROTEAN|SITRUS_BERRY|CLOSE_COMBAT,DOUBLE$EDGE,WAVE_CRASH,OUTRAGE><100|76|LEVITATE|CHOICE_SCARF|ERUPTION,DRACO_METEOR,VOLT_SWITCH,DARK_PULSE><79|78|WATER_VEIL|LEFTOVERS|AQUA_VEIL,SCALD,PSYCHIC,CALM_MIND>
345|Maxwell 2|400|28|null|<183|79|SNIPER|BLUNDER_POLICY|SHIFT_GEAR,POP_POP,ACROBATICS,EARTHQUAKE><222|79|LEVITATE|CHOICE_SPECS|DARK_PULSE,STAR_STORM,SLUDGE_WAVE,SWITCHEROO><216|79|ILLUMINATION|HEAVY$DUTY_BOOTS|SPECTRAL_THIEF,THUNDER_WAVE,PARTING_SHOT,UNSEEN_STRANGLE><214|79|MOXIE|LOADED_DICE|SCALE_SHOT,JAW_LOCK,OBSTRUCT,FATAL_BIND><192|79|SNIPER|COBA_BERRY|STAR$STRUCK_ARROW,DRAIN_PUNCH,NO_RETREAT,METEOR_MASH><186|80|SPARKLY_SURGE|WEAKNESS_POLICY|TERRAIN_PULSE,SPACIAL_REND,SUPERNOVA_EXPLOSION,MAGIC_REFLECT>
346*|TN Zurroaratr|0|29|null|<162|100|LEVITATE|null|SUPERPOWER,ROCK_WRECKER,SHADOW_BALL,PHANTOM_FORCE>
347|EN|100|0|null|<212|77|STATIC|SHUCA_BERRY|OUTRAGE,DRAGON_RUSH,STONE_EDGE,VOLT_TACKLE><113|78|HUGE_POWER|CHOICE_BAND|METEOR_MASH,HEAVY_SLAM,SUPERPOWER,VOLT_TACKLE><198|78|FRIENDLY_GHOST|FOCUS_SASH|THUNDER,ELECTRO_BALL,SHADOW_BALL,VOLT_SWITCH><210|78|VOLT_VORTEX|CHOICE_SCARF|DRAGON_DANCE,VOLT_TACKLE,COMET_CRASH,WATERFALL><116|77|SPEED_BOOST|LIECHI_BERRY|EARTHQUAKE,MAGNET_RISE,EXTREME_SPEED,VOLT_TACKLE><125|79|ELECTRIC_SURGE|POWER_HERB|SPARKLE_STRIKE,ELECTRO_BALL,MAGIC_CRASH,PLASMA_FISTS>
348|EO|100|0|null|<65|77|GUTS|ASSAULT_VEST|FISSURE,PLAY_ROUGH,CLOSE_COMBAT,ICE_SPINNER><88|78|SHARPNESS|POWER_HERB|SOLAR_BLADE,PSYCHO_CUT,KNOCK_OFF,SACRED_SWORD><43|77|SPEED_BOOST|FOCUS_SASH|NO_RETREAT,STAFF_JAB,FIRST_IMPRESSION,DETECT><128|78|ADAPTABILITY|CLEAR_AMULET|SPARKLE_STRIKE,VACUUM_WAVE,MAGIC_TOMB,FOCUS_BLAST><165|78|GUTS|SITRUS_BERRY|HAMMER_ARM,STONE_EDGE,SUPERPOWER,REVERSAL><192|79|SNIPER|COBA_BERRY|METEOR_ASSAULT,STAR$STRUCK_ARROW,CLOSE_COMBAT,NO_RETREAT>
349|EP|100|0|null|<34|78|SHARPNESS|FOCUS_SASH|PSYCHO_CUT,STICKY_WEB,SOLAR_BLADE,SWORDS_DANCE><40|78|SERENE_GRACE|WHITE_HERB|EARTH_POWER,LEAF_STORM,PHOTON_GEYSER,EXTRASENSORY><81|78|GRASSY_SURGE|PERSIM_BERRY|EXPANDING_FORCE,MOONBLAST,PETAL_DANCE,ENERGY_BALL><119|79|SAP_SIPPER|COVERT_CLOAK|AROMATHERAPY,THUNDER,LEAF_STORM,NASTY_PLOT><28|77|COMPETITIVE|YACHE_BERRY|THUNDER,DRACO_METEOR,PETAL_DANCE,NASTY_PLOT><3|80|OVERGROW|LEFTOVERS|SPIKY_SHIELD,GIGA_DRAIN,HEAD_SMASH,SPIKES>
350|EQ|100|0|null|<103|78|SOLID_ROCK|LEFTOVERS|POWER_GEM,ERUPTION,HYPER_BEAM,LAVA_LAIR><107|80|SLEIGHT_OF_HAND|QUICK_CLAW|SPACIAL_REND,BLUE_FLARE,VANISHING_ACT,MAGIC_REFLECT><110|78|COMPETITIVE|PASSHO_BERRY|EARTH_POWER,GLITTER_DANCE,MOONBLAST,OVERHEAT><93|80|INTIMIDATE|RED_CARD|EXTREME_SPEED,AGILITY,MORNING_SUN,SUNNY_DAY><105|78|SOLAR_POWER|HEAVY$DUTY_BOOTS|HEAT_WAVE,INFERNO,PARTING_SHOT,NASTY_PLOT><109|81|DROUGHT|HEAT_ROCK|DRILL_RUN,SWORDS_DANCE,SUNSTEEL_STRIKE,FLARE_BLITZ>
351|ER|100|0|null|<207|80|STURDY|WEAKNESS_POLICY|FIRE_BLAST,ZAP_CANNON,HYPER_BEAM,AURA_SPHERE><54|80|PSYCHIC_SURGE|CHOICE_SCARF|EXPANDING_FORCE,HEAD_SMASH,OUTRAGE,EARTHQUAKE><56|80|INTIMIDATE|CHOPLE_BERRY|PARTING_SHOT,PLASMA_FISTS,JAW_LOCK,PSYCHIC_FANGS><18|79|ROUGH_SKIN|ROCKY_HELMET|VOLT_TACKLE,EARTHQUAKE,SUPERPOWER,AMNESIA><67|78|ROCK_HEAD|LUM_BERRY|SUPERPOWER,PLASMA_FISTS,NO_RETREAT,METEOR_ASSAULT><196|81|GRAVITATION|ASSAULT_VEST|METEOR_ASSAULT,ROCK_WRECKER,STONE_EDGE,COMET_CRASH>
352|ES|100|0|null|<31|79|TECHNICIAN|FOCUS_SASH|WEATHER_BALL,GRASSY_TERRAIN,SLUDGE_BOMB,MAGICAL_LEAF><152|79|INTIMIDATE|BLACK_SLUDGE|SUCKER_PUNCH,VENOM_SPIT,GUNK_SHOT,COIL><155|78|STRONG_JAW|HEAVY$DUTY_BOOTS|FLY,LEECH_LIFE,BRAVE_BIRD,VENOSHOCK><24|79|POISON_HEAL|TOXIC_ORB|FATAL_BIND,FELL_STINGER,QUIVER_DANCE,STICKY_WEB><242|78|TOXIC_DEBRIS|FOCUS_BAND|ACID_ARMOR,TOXIC,SLUDGE_WAVE,POWER_GEM><222|80|LEVITATE|BLACK_GLASSES|MOONBLAST,PHANTOM_FORCE,STAR_STORM,KNOCK_OFF>
353|ET|100|0|null|<122|79|TOUGH_CLAWS|POWER_HERB|HONE_CLAWS,HEAVY_SLAM,MAGIC_CRASH,STEEL_BEAM><183|80|SNIPER|WEAKNESS_POLICY|SHIFT_GEAR,PRISMATIC_LASER,STEEL_BEAM,MAGIC_BLAST><15|79|BATTLE_ARMOR|WACAN_BERRY|IRON_HEAD,BRAVE_BIRD,NIGHT_SLASH,GYRO_BALL><84|79|PSYCHIC_SURGE|CHOICE_BAND|EXPLOSION,METEOR_MASH,PSYCHO_CUT,DRILL_RUN><201|78|SNIPER|FOCUS_SASH|SHIFT_GEAR,CLOSE_COMBAT,METEOR_ASSAULT,PLASMA_FISTS><6|81|BLAZE|AIR_BALLOON|FLARE_BLITZ,ERUPTION,STEALTH_ROCK,SPIKES>
354|EU|100|0|null|<227|80|SHED_SKIN|COLBUR_BERRY|SHADOW_BALL,VENOM_SPIT,FROSTBIND,AEROBLAST><97|80|STEELWORKER|ROCKY_HELMET|SHADOW_BALL,STEEL_BEAM,ERUPTION,EXPLOSION><157|79|FRIENDLY_GHOST|LEFTOVERS|GYRO_BALL,DESTINY_BOND,SPECTRAL_THIEF,TRI$ATTACK><133|80|SWIFT_SWIM|CHOICE_SCARF|FOCUS_BLAST,HURRICANE,WATER_SPOUT,AEROBLAST><131|81|WONDER_GUARD|HEAVY$DUTY_BOOTS|SWORDS_DANCE,FURY_SWIPES,LEECH_LIFE,PHANTOM_FORCE><180|82|ADAPTABILITY|LIFE_ORB|NASTY_PLOT,MAGIC_TOMB,HYPER_VOICE,FOUL_PLAY>
355|EV|100|0|null|<136|80|DRIZZLE|DAMP_ROCK|WAVE_CRASH,OUTRAGE,HURRICANE,DRAGON_DANCE><46|81|SWIFT_SWIM|EXPERT_BELT|HYDRO_PUMP,LEECH_SEED,RAIN_DANCE,ENERGY_BALL><72|79|TORRENT|BLUNDER_POLICY|HURRICANE,BLIZZARD,MOONBLAST,SHEER_COLD><79|80|WATER_VEIL|COLBUR_BERRY|WATER_SPOUT,EXPANDING_FORCE,BLIZZARD,CALM_MIND><140|80|ILLUMINATION|COSMIC_CORE|RECOVER,CORE_ENFORCER,ICE_BEAM,HYDRO_PUMP><150|82|WATER_VEIL|MYSTIC_WATER|WATER_KICK,SUPERCHARGED_SPLASH,DEEP_SEA_BUBBLE,SEA_DRAGON>
356|EW|100|0|null|<214|80|MOXIE|HABAN_BERRY|NIGHT_SLASH,OUTRAGE,OBSTRUCT,DRAGON_CLAW><225|82|GUTS|FLAME_ORB|DARKEST_LARIAT,FOCUS_ENERGY,CLOSE_COMBAT,NO_RETREAT><74|81|TECHNICIAN|HEAVY$DUTY_BOOTS|EXTREME_SPEED,KNOCK_OFF,FIRST_IMPRESSION,NIGHT_DAZE><142|80|AMBUSH|LIFE_ORB|DRAGON_RUSH,BRAVE_BIRD,UNSEEN_STRANGLE,OUTRAGE><159|81|ADAPTABILITY|ROSELI_BERRY|TAKE_OVER,DESTINY_BOND,SHADOW_BALL,NIGHTMARE><219|83|ADAPTABILITY|WHITE_HERB|FATAL_BIND,DRACO_METEOR,BREAKING_SWIPE,DRAGON_PULSE>
357|EX|100|0|null|<149|82|ILLUMINATION|RINDO_BERRY|PHANTOM_FORCE,TWINKLE_TACKLE,UNSEEN_STRANGLE,PARTING_SHOT><168|81|SAND_STREAM|SMOOTH_ROCK|HEAVY_SLAM,SCORCHING_SANDS,HEAT_CRASH,SUPERPOWER><170|81|SAND_FORCE|EXPERT_BELT|PLAY_ROUGH,PLASMA_FISTS,FISSURE,DARKEST_LARIAT><173|82|SAND_VEIL|WHITE_HERB|DRACO_METEOR,EARTH_POWER,DRAGON_DANCE,FATAL_BIND><219|82|ADAPTABILITY|FOCUS_BAND|FATAL_BIND,DRACO_METEOR,BREAKING_SWIPE,DRAGON_PULSE><50|83|STURDY|WEAKNESS_POLICY|EXPLOSION,SUPERPOWER,HYPER_BEAM,EARTHQUAKE>
358|EY|100|0|null|<189|80|MULTISCALE|GLOWING_PRISM|MAGIC_TOMB,LIGHT_OF_RUIN,HYPER_BEAM,SPIRIT_BREAK><216|82|ILLUMINATION|MUSCLE_BAND|DRAGON_DANCE,EARTHQUAKE,SPECTRAL_THIEF,PARTING_SHOT><100|81|LEVITATE|CHOICE_SCARF|DRACO_METEOR,DRAGON_RUSH,FIRE_BLAST,ERUPTION><145|82|SWIFT_SWIM|WHITE_HERB|DRACO_METEOR,WAVE_CRASH,DRAGON_DANCE,SPACIAL_REND><28|83|COMPETITIVE|COVERT_CLOAK|THUNDER,DRACO_METEOR,PETAL_DANCE,NASTY_PLOT><240|84|SCALY_SKIN|LUM_BERRY|DRAGON_DANCE,ROOST,SUMMIT_STRIKE,ABYSSAL_CHOP>
359|TN Grunt|100|0|WAREHOUSE_KEY|<265|10|PARASOCIAL|ORAN_BERRY|CONFUSION,LEER,PSYWAVE,COSMIC_POWER><261|10|BLACK_HOLE|POISON_BARB|ACID,YAWN,POISON_GAS,SLUDGE><129|10|TINTED_LENS|SILK_SCARF|SAND_ATTACK,SCRATCH,HARDEN,PROTECT><151|10|INTIMIDATE|RAWST_BERRY|POISON_STING,BITE,ACID,TAUNT>
360|Research A|100|0|null|<38|20|FLUFFY|PECHA_BERRY|DEFENSE_CURL,SOLAR_BEAM,COVET,FLAME_CHARGE><30|21|POISON_POINT|COBA_BERRY|LEECH_SEED,PROTECT,EXTRASENSORY,SLUDGE><278|21|CHLOROPHYLL|FOCUS_SASH|FLAME_CHARGE,BULLET_SEED,SUNNY_DAY,GROWTH>
361|Research B|100|0|null|<244|20|MAGICAL|FOCUS_SASH|PSYBEAM,HIDDEN_POWER,ELEMENTAL_SPARKLE,FLASH><80|21|PSYCHIC_SURGE|TANGA_BERRY|CONFUSION,MAGICAL_LEAF,FAKE_TEARS,HIDDEN_POWER><86|22|TRACE|BRIGHT_POWDER|DRAINING_KISS,FLASH,PSYBEAM,DOUBLE_TEAM>
362|Research C|100|0|null|<108|21|ANTICIPATION|CHOICE_SPECS|DRAINING_KISS,FLAME_BURST,HIDDEN_POWER,VOLT_SWITCH><254|22|RADIANT|ASSAULT_VEST|GLITTERING_TORNADO,DRAINING_KISS,FLAME_CHARGE,SOLAR_BEAM><47|21|FLASH_FIRE|RINDO_BERRY|MAGIC_REFLECT,SWIFT,DRAINING_KISS,MAGICAL_LEAF>
363|Research D|100|0|null|<273|21|MOSAIC_WINGS|KEBIA_BERRY|SILVER_WIND,MAGIC_BLAST,MAGIC_REFLECT,SLEEP_POWDER><177|21|SERENE_GRACE|SITRUS_BERRY|CHARM,WISH,PROTECT,MAGIC_BLAST><276|22|WONDER_SKIN|CHILAN_BERRY|SWIFT,IRON_DEFENSE,CONFUSE_RAY,MAGIC_REFLECT>
364|Research E|100|0|null|<261|23|BLACK_HOLE|LEFTOVERS|TOXIC,PROTECT,SPACE_BEAM,RADIO_BURST><265|23|PARASOCIAL|BIG_ROOT|TRICK_ROOM,CONFUSE_RAY,COMET_PUNCH,COSMIC_POWER><139|22|ILLUMINATION|COBA_BERRY|SPACE_BEAM,WATER_GUN,CONFUSE_RAY,WHIRLPOOL>
365|Research F|100|0|ABILITY_PATCH|<249|22|PICKPOCKET|null|POISON_JAB,BRICK_BREAK,TAUNT,HONE_CLAWS><241|22|TOXIC_DEBRIS|FOCUS_SASH|STEALTH_ROCK,VENOSHOCK,ANCIENT_POWER,ACID_SPRAY><238|22|SHED_SKIN|TOXIC_ORB|FACADE,LOW_KICK,PAYBACK,REST><26|22|SAP_SIPPER|ASSAULT_VEST|VINE_CROSS,HEADBUTT,ROCK_THROW,FLAME_CHARGE><66|22|ROUGH_SKIN|ROCKY_HELMET|ROCK_TOMB,CIRCLE_THROW,IRON_DEFENSE,DRILL_RUN><246|23|TALENTED|RAWST_BERRY|LOW_KICK,WING_ATTACK,FOCUS_ENERGY,FEINT>
366*|Rocky-E|0|37|null|<205|20|UNERODIBLE|MAGNET|ROCK_TOMB,THUNDER_PUNCH,ROCK_POLISH,MAGNET_RISE>
367*|Poof-E|0|39|null|<197|20|LEVITATE|ORAN_BERRY|WILL$O$WISP,HEX,CHARGE_BEAM,HIDDEN_POWER_WATER>
368*|Flamehox-E|0|43|null|<202|20|ADAPTABILITY|EXPERT_BELT|SPARK,FLAME_CHARGE,BODY_SLAM,ROCK_SMASH>
369*|Gyarados-E|0|46|null|<210|20|DEFIANT|RAWST_BERRY|THUNDER_FANG,LIQUIDATION,PROTECT,TACKLE>